Workbook

Sheet Tournament Structure
A1: SQUADONE ESPORTS | QUALIFIERS
A3: Correct Match Pattern | D3: Total Group Matchups | E3: 6
A4: A vs B | B4: 6 | D4: Matches per Group Matchup | E4: 6
A5: C vs D | B5: 6 | D5: Total Qualifier Matches | E5: =E3*E4
A6: A vs C | B6: 6
A7: B vs D | B7: 6
A8: A vs D | B8: 6
A9: B vs C | B9: 6

Sheet AvsB_M1
A1: SQUADONE ESPORTS | A vs B | AvsB_M1
A3: # | B3: Team | C3: Total PTS | D3: Placement PTS | E3: Kills | F3: Total DMG | G3: Assists | H3: CQB Kills | I3: LRB Kills | J3: CQB DMG | K3: LRB DMG
A4: 1 | B4: Zero_Hour | C4: 20 | D4: 10 | E4: 10 | F4: 2380.52 | G4: 1 | H4: 9 | I4: 1 | J4: 1371.95 | K4: 1008.57
A5: PLAYER STATISTICS
A6: Player | B6: Kills | C6: Assists | D6: CQB Kills | E6: LRB Kills | F6: CQB DMG | G6: LRB DMG | H6: Total DMG
A7: The--SherLock | B7: 2 | C7: 0 | D7: 1 | E7: 1 | F7: 180.96 | G7: 402.83 | H7: 583.79
A8: GULUzmbi-YT | B8: 1 | C8: 1 | D8: 1 | E8: 0 | F8: 305.44 | G8: 175.4 | H8: 480.84
A9: Granny_In_Bikini | B9: 5 | C9: 0 | D9: 5 | E9: 0 | F9: 532.68 | G9: 257.1 | H9: 789.78
A10: Alien-FPS | B10: 2 | C10: 0 | D10: 2 | E10: 0 | F10: 352.87 | G10: 173.25 | H10: 526.12
A12: 2 | B12: DANJAAR | C12: 13 | D12: 6 | E12: 7 | F12: 2536.51 | G12: 4 | H12: 3 | I12: 4 | J12: 437.77 | K12: 2098.74
A13: PLAYER STATISTICS
A14: Player | B14: Kills | C14: Assists | D14: CQB Kills | E14: LRB Kills | F14: CQB DMG | G14: LRB DMG | H14: Total DMG
A15: WipzY_YT | B15: 1 | C15: 2 | D15: 1 | E15: 0 | F15: 206.88 | G15: 836.08 | H15: 1042.96
A16: BLIND_REBEL | B16: 5 | C16: 1 | D16: 2 | E16: 3 | F16: 186.18 | G16: 561.71 | H16: 747.89
A17: SniperShashi23 | B17: 0 | C17: 1 | D17: 0 | E17: 0 | F17: 23.84 | G17: 319.05 | H17: 342.89
A18: itsooFluFFy | B18: 1 | C18: 0 | D18: 0 | E18: 1 | F18: 20.87 | G18: 381.9 | H18: 402.77
A20: 3 | B20: RAKUZAN | C20: 11 | D20: 4 | E20: 7 | F20: 757.34 | G20: 3 | H20: 5 | I20: 2 | J20: 511.52 | K20: 245.83
A21: PLAYER STATISTICS
A22: Player | B22: Kills | C22: Assists | D22: CQB Kills | E22: LRB Kills | F22: CQB DMG | G22: LRB DMG | H22: Total DMG
A23: 004GlitcH | B23: 1 | C23: 1 | D23: 0 | E23: 1 | F23: 16.99 | G23: 86.93 | H23: 103.92
A24: CR4ZY-XD | B24: 4 | C24: 1 | D24: 4 | E24: 0 | F24: 306.19 | G24: 104.66 | H24: 410.85
A25: AsTRO-OG | B25: 2 | C25: 1 | D25: 1 | E25: 1 | F25: 188.33 | G25: 54.24 | H25: 242.57
A26: LennexCS | B26: 0 | C26: 0 | D26: 0 | E26: 0 | F26: 0 | G26: 0 | H26: 0
A28: 4 | B28: KALI-2 | C28: 5 | D28: 0 | E28: 5 | F28: 920.65 | G28: 2 | H28: 1 | I28: 4 | J28: 461.8 | K28: 458.86
A29: PLAYER STATISTICS
A30: Player | B30: Kills | C30: Assists | D30: CQB Kills | E30: LRB Kills | F30: CQB DMG | G30: LRB DMG | H30: Total DMG
A31: GHOST--404 | B31: 0 | C31: 0 | D31: 0 | E31: 0 | F31: 25.14 | G31: 22.51 | H31: 47.65
A32: hellion_07 | B32: 2 | C32: 2 | D32: 0 | E32: 2 | F32: 205.95 | G32: 237.48 | H32: 443.43
A33: KITHU69 | B33: 3 | C33: 0 | D33: 1 | E33: 2 | F33: 230.7 | G33: 198.86 | H33: 429.56
A35: 5 | B35: Indus Prime | C35: 4 | D35: 1 | E35: 3 | F35: 884.07 | G35: 0 | H35: 2 | I35: 1 | J35: 463.45 | K35: 420.62
A36: PLAYER STATISTICS
A37: Player | B37: Kills | C37: Assists | D37: CQB Kills | E37: LRB Kills | F37: CQB DMG | G37: LRB DMG | H37: Total DMG
A38: Live-With-Addi | B38: 0 | C38: 0 | D38: 0 | E38: 0 | F38: 0 | G38: 104.43 | H38: 104.43
A39: SONARkar98 | B39: 0 | C39: 0 | D39: 0 | E39: 0 | F39: 154.42 | G39: 82.51 | H39: 236.93
A40: Mr_Kol_Gamer | B40: 0 | C40: 0 | D40: 0 | E40: 0 | F40: 100 | G40: 49.61 | H40: 149.61
A41: ReckLess_RV | B41: 3 | C41: 0 | D41: 2 | E41: 1 | F41: 209.04 | G41: 184.07 | H41: 393.11
A43: 6 | B43: SQUAD TWO | C43: 3 | D43: 3 | E43: 0 | F43: 295.8 | G43: 0 | H43: 0 | I43: 0 | J43: 252 | K43: 43.81
A44: PLAYER STATISTICS
A45: Player | B45: Kills | C45: Assists | D45: CQB Kills | E45: LRB Kills | F45: CQB DMG | G45: LRB DMG | H45: Total DMG
A46: D3NZZ0 | B46: 0 | C46: 0 | D46: 0 | E46: 0 | F46: 69.73 | G46: 43.81 | H46: 113.54
A47: ishowmikey | B47: 0 | C47: 0 | D47: 0 | E47: 0 | F47: 86.33 | G47: 0 | H47: 86.33
A48: dashamulam_damu1 | B48: 0 | C48: 0 | D48: 0 | E48: 0 | F48: 63.37 | G48: 0 | H48: 63.37
A49: Nappally | B49: 0 | C49: 0 | D49: 0 | E49: 0 | F49: 32.57 | G49: 0 | H49: 32.57
A51: 7 | B51: POWER HOUSE | C51: 3 | D51: 2 | E51: 1 | F51: 245.77 | G51: 0 | H51: 0 | I51: 1 | J51: 140.72 | K51: 105.05
A52: PLAYER STATISTICS
A53: Player | B53: Kills | C53: Assists | D53: CQB Kills | E53: LRB Kills | F53: CQB DMG | G53: LRB DMG | H53: Total DMG
A54: RDXisLIVE | B54: 0 | C54: 0 | D54: 0 | E54: 0 | F54: 0 | G54: 16.36 | H54: 16.36
A55: 1ts_GuNA | B55: 0 | C55: 0 | D55: 0 | E55: 0 | F55: 116.72 | G55: 0 | H55: 116.72
A56: BeforeCrypto | B56: 1 | C56: 0 | D56: 0 | E56: 1 | F56: 24 | G56: 9.48 | H56: 33.48
A57: Nasizmyt | B57: 0 | C57: 0 | D57: 0 | E57: 0 | F57: 0 | G57: 79.22 | H57: 79.22
A59: 8 | B59: A047 | C59: 3 | D59: 1 | E59: 2 | F59: 1070.16 | G59: 1 | H59: 2 | I59: 0 | J59: 162.55 | K59: 907.61
A60: PLAYER STATISTICS
A61: Player | B61: Kills | C61: Assists | D61: CQB Kills | E61: LRB Kills | F61: CQB DMG | G61: LRB DMG | H61: Total DMG
A62: Yo_Rock_YT | B62: 1 | C62: 1 | D62: 1 | E62: 0 | F62: 76.13 | G62: 452.51 | H62: 528.64
A63: RioFury_YT | B63: 1 | C63: 0 | D63: 1 | E63: 0 | F63: 64.85 | G63: 312.46 | H63: 377.31
A64: l_SANTHISH_l005 | B64: 0 | C64: 0 | D64: 0 | E64: 0 | F64: 0.89 | G64: 119.58 | H64: 120.47
A65: TN_Itachi_Uchiha | B65: 0 | C65: 0 | D65: 0 | E65: 0 | F65: 20.68 | G65: 23.07 | H65: 43.75
A67: 9 | B67: SHONNANI'S | C67: 3 | D67: 0 | E67: 3 | F67: 595.46 | G67: 2 | H67: 3 | I67: 0 | J67: 573.23 | K67: 22.22
A68: PLAYER STATISTICS
A69: Player | B69: Kills | C69: Assists | D69: CQB Kills | E69: LRB Kills | F69: CQB DMG | G69: LRB DMG | H69: Total DMG
A70: XXXTN-_- | B70: 2 | C70: 1 | D70: 2 | E70: 0 | F70: 264.6 | G70: 0 | H70: 264.6
A71: K1LLUAAGOD | B71: 1 | C71: 1 | D71: 1 | E71: 0 | F71: 204.38 | G71: 0 | H71: 204.38
A72: ZephyrX_op | B72: 0 | C72: 0 | D72: 0 | E72: 0 | F72: 104.26 | G72: 22.22 | H72: 126.48
A73: F1REFLANK | B73: 0 | C73: 0 | D73: 0 | E73: 0 | F73: 0 | G73: 0 | H73: 0
A75: 10 | B75: UNKRITHI 2 | C75: 1 | D75: 0 | E75: 1 | F75: 128.06 | G75: 0 | H75: 1 | I75: 0 | J75: 128.06 | K75: 0
A76: PLAYER STATISTICS
A77: Player | B77: Kills | C77: Assists | D77: CQB Kills | E77: LRB Kills | F77: CQB DMG | G77: LRB DMG | H77: Total DMG
A78: Haikyuugaming | B78: 0 | C78: 0 | D78: 0 | E78: 0 | F78: 0 | G78: 0 | H78: 0
A79: B12xTHUNDER | B79: 1 | C79: 0 | D79: 1 | E79: 0 | F79: 41.06 | G79: 0 | H79: 41.06
A80: Artifex007 | B80: 0 | C80: 0 | D80: 0 | E80: 0 | F80: 0 | G80: 0 | H80: 0
A81: ziidaane | B81: 0 | C81: 0 | D81: 0 | E81: 0 | F81: 87 | G81: 0 | H81: 87
A83: 11 | B83: DEADSHOTS | C83: 0 | D83: 0 | E83: 0 | F83: 40.33 | G83: 0 | H83: 0 | I83: 0 | J83: 40.33 | K83: 0
A84: PLAYER STATISTICS
A85: Player | B85: Kills | C85: Assists | D85: CQB Kills | E85: LRB Kills | F85: CQB DMG | G85: LRB DMG | H85: Total DMG
A86: CROWBOY_ | B86: 0 | C86: 0 | D86: 0 | E86: 0 | F86: 11.22 | G86: 0 | H86: 11.22
A87: GAMER-LEVI-YT | B87: 0 | C87: 0 | D87: 0 | E87: 0 | F87: 0 | G87: 0 | H87: 0
A88: StoneD-_-MonkeY | B88: 0 | C88: 0 | D88: 0 | E88: 0 | F88: 0 | G88: 0 | H88: 0
A89: AtomRock | B89: 0 | C89: 0 | D89: 0 | E89: 0 | F89: 29.11 | G89: 0 | H89: 29.11
A91: 12 | B91: CITY TIGERS X | C91: 0 | D91: 0 | E91: 0 | F91: 256.38 | G91: 0 | H91: 0 | I91: 0 | J91: 223.07 | K91: 33.3
A92: PLAYER STATISTICS
A93: Player | B93: Kills | C93: Assists | D93: CQB Kills | E93: LRB Kills | F93: CQB DMG | G93: LRB DMG | H93: Total DMG
A94: Zo_r0_ | B94: 0 | C94: 0 | D94: 0 | E94: 0 | F94: 95.04 | G94: 0 | H94: 95.04
A95: SRhunter72 | B95: 0 | C95: 0 | D95: 0 | E95: 0 | F95: 95 | G95: 0 | H95: 95
A96: YouTube__Lynx | B96: 0 | C96: 0 | D96: 0 | E96: 0 | F96: 33.03 | G96: 0 | H96: 33.03
A97: K_Y_R_O63 | B97: 0 | C97: 0 | D97: 0 | E97: 0 | F97: 0 | G97: 33.3 | H97: 33.3
A99: 13 | B99: AIMLEGIT | C99: 0 | D99: 0 | E99: 0 | F99: 495.3 | G99: 0 | H99: 0 | I99: 0 | J99: 468.67 | K99: 26.64
A100: PLAYER STATISTICS
A101: Player | B101: Kills | C101: Assists | D101: CQB Kills | E101: LRB Kills | F101: CQB DMG | G101: LRB DMG | H101: Total DMG
A102: WEeZzEe- | B102: 0 | C102: 0 | D102: 0 | E102: 0 | F102: 46.8 | G102: 14.51 | H102: 61.31
A103: K1NGX-_-X | B103: 0 | C103: 0 | D103: 0 | E103: 0 | F103: 0 | G103: 0 | H103: 0
A104: KOHL1_- | B104: 0 | C104: 0 | D104: 0 | E104: 0 | F104: 421.87 | G104: 0 | H104: 421.87
A105: Deathrill- | B105: 0 | C105: 0 | D105: 0 | E105: 0 | F105: 0 | G105: 12.12 | H105: 12.12

Sheet AvsB_M2
A1: SQUADONE ESPORTS | A vs B | AvsB_M2
A3: # | B3: Team | C3: Total PTS | D3: Placement PTS | E3: Kills | F3: Total DMG | G3: Assists | H3: CQB Kills | I3: LRB Kills | J3: CQB DMG | K3: LRB DMG
A4: Enter team results above, then place that team's player cards directly underneath.

Sheet AvsB_M3
A1: SQUADONE ESPORTS | A vs B | AvsB_M3
A3: # | B3: Team | C3: Total PTS | D3: Placement PTS | E3: Kills | F3: Total DMG | G3: Assists | H3: CQB Kills | I3: LRB Kills | J3: CQB DMG | K3: LRB DMG
A4: Enter team results above, then place that team's player cards directly underneath.

Sheet AvsB_M4
A1: SQUADONE ESPORTS | A vs B | AvsB_M4
A3: # | B3: Team | C3: Total PTS | D3: Placement PTS | E3: Kills | F3: Total DMG | G3: Assists | H3: CQB Kills | I3: LRB Kills | J3: CQB DMG | K3: LRB DMG
A4: Enter team results above, then place that team's player cards directly underneath.

Sheet AvsB_M5
A1: SQUADONE ESPORTS | A vs B | AvsB_M5
A3: # | B3: Team | C3: Total PTS | D3: Placement PTS | E3: Kills | F3: Total DMG | G3: Assists | H3: CQB Kills | I3: LRB Kills | J3: CQB DMG | K3: LRB DMG
A4: Enter team results above, then place that team's player cards directly underneath.

Sheet AvsB_M6
A1: SQUADONE ESPORTS | A vs B | AvsB_M6
A3: # | B3: Team | C3: Total PTS | D3: Placement PTS | E3: Kills | F3: Total DMG | G3: Assists | H3: CQB Kills | I3: LRB Kills | J3: CQB DMG | K3: LRB DMG
A4: Enter team results above, then place that team's player cards directly underneath.

Sheet CvsD_M1
A1: SQUADONE ESPORTS | C vs D | CvsD_M1
A3: # | B3: Team | C3: Total PTS | D3: Placement PTS | E3: Kills | F3: Total DMG | G3: Assists | H3: CQB Kills | I3: LRB Kills | J3: CQB DMG | K3: LRB DMG
A4: Enter team results above, then place that team's player cards directly underneath.

Sheet CvsD_M2
A1: SQUADONE ESPORTS | C vs D | CvsD_M2
A3: # | B3: Team | C3: Total PTS | D3: Placement PTS | E3: Kills | F3: Total DMG | G3: Assists | H3: CQB Kills | I3: LRB Kills | J3: CQB DMG | K3: LRB DMG
A4: Enter team results above, then place that team's player cards directly underneath.

Sheet CvsD_M3
A1: SQUADONE ESPORTS | C vs D | CvsD_M3
A3: # | B3: Team | C3: Total PTS | D3: Placement PTS | E3: Kills | F3: Total DMG | G3: Assists | H3: CQB Kills | I3: LRB Kills | J3: CQB DMG | K3: LRB DMG
A4: Enter team results above, then place that team's player cards directly underneath.

Sheet CvsD_M4
A1: SQUADONE ESPORTS | C vs D | CvsD_M4
A3: # | B3: Team | C3: Total PTS | D3: Placement PTS | E3: Kills | F3: Total DMG | G3: Assists | H3: CQB Kills | I3: LRB Kills | J3: CQB DMG | K3: LRB DMG
A4: Enter team results above, then place that team's player cards directly underneath.

Sheet CvsD_M5
A1: SQUADONE ESPORTS | C vs D | CvsD_M5
A3: # | B3: Team | C3: Total PTS | D3: Placement PTS | E3: Kills | F3: Total DMG | G3: Assists | H3: CQB Kills | I3: LRB Kills | J3: CQB DMG | K3: LRB DMG
A4: Enter team results above, then place that team's player cards directly underneath.

Sheet CvsD_M6
A1: SQUADONE ESPORTS | C vs D | CvsD_M6
A3: # | B3: Team | C3: Total PTS | D3: Placement PTS | E3: Kills | F3: Total DMG | G3: Assists | H3: CQB Kills | I3: LRB Kills | J3: CQB DMG | K3: LRB DMG
A4: Enter team results above, then place that team's player cards directly underneath.

Sheet AvsC_M1
A1: SQUADONE ESPORTS | A vs C | AvsC_M1
A3: # | B3: Team | C3: Total PTS | D3: Placement PTS | E3: Kills | F3: Total DMG | G3: Assists | H3: CQB Kills | I3: LRB Kills | J3: CQB DMG | K3: LRB DMG
A4: Enter team results above, then place that team's player cards directly underneath.

Sheet AvsC_M2
A1: SQUADONE ESPORTS | A vs C | AvsC_M2
A3: # | B3: Team | C3: Total PTS | D3: Placement PTS | E3: Kills | F3: Total DMG | G3: Assists | H3: CQB Kills | I3: LRB Kills | J3: CQB DMG | K3: LRB DMG
A4: Enter team results above, then place that team's player cards directly underneath.

Sheet AvsC_M3
A1: SQUADONE ESPORTS | A vs C | AvsC_M3
A3: # | B3: Team | C3: Total PTS | D3: Placement PTS | E3: Kills | F3: Total DMG | G3: Assists | H3: CQB Kills | I3: LRB Kills | J3: CQB DMG | K3: LRB DMG
A4: Enter team results above, then place that team's player cards directly underneath.

Sheet AvsC_M4
A1: SQUADONE ESPORTS | A vs C | AvsC_M4
A3: # | B3: Team | C3: Total PTS | D3: Placement PTS | E3: Kills | F3: Total DMG | G3: Assists | H3: CQB Kills | I3: LRB Kills | J3: CQB DMG | K3: LRB DMG
A4: Enter team results above, then place that team's player cards directly underneath.

Sheet AvsC_M5
A1: SQUADONE ESPORTS | A vs C | AvsC_M5
A3: # | B3: Team | C3: Total PTS | D3: Placement PTS | E3: Kills | F3: Total DMG | G3: Assists | H3: CQB Kills | I3: LRB Kills | J3: CQB DMG | K3: LRB DMG
A4: Enter team results above, then place that team's player cards directly underneath.

Sheet AvsC_M6
A1: SQUADONE ESPORTS | A vs C | AvsC_M6
A3: # | B3: Team | C3: Total PTS | D3: Placement PTS | E3: Kills | F3: Total DMG | G3: Assists | H3: CQB Kills | I3: LRB Kills | J3: CQB DMG | K3: LRB DMG
A4: Enter team results above, then place that team's player cards directly underneath.

Sheet BvsD_M1
A1: SQUADONE ESPORTS | B vs D | BvsD_M1
A3: # | B3: Team | C3: Total PTS | D3: Placement PTS | E3: Kills | F3: Total DMG | G3: Assists | H3: CQB Kills | I3: LRB Kills | J3: CQB DMG | K3: LRB DMG
A4: Enter team results above, then place that team's player cards directly underneath.

Sheet BvsD_M2
A1: SQUADONE ESPORTS | B vs D | BvsD_M2
A3: # | B3: Team | C3: Total PTS | D3: Placement PTS | E3: Kills | F3: Total DMG | G3: Assists | H3: CQB Kills | I3: LRB Kills | J3: CQB DMG | K3: LRB DMG
A4: Enter team results above, then place that team's player cards directly underneath.

Sheet BvsD_M3
A1: SQUADONE ESPORTS | B vs D | BvsD_M3
A3: # | B3: Team | C3: Total PTS | D3: Placement PTS | E3: Kills | F3: Total DMG | G3: Assists | H3: CQB Kills | I3: LRB Kills | J3: CQB DMG | K3: LRB DMG
A4: Enter team results above, then place that team's player cards directly underneath.

Sheet BvsD_M4
A1: SQUADONE ESPORTS | B vs D | BvsD_M4
A3: # | B3: Team | C3: Total PTS | D3: Placement PTS | E3: Kills | F3: Total DMG | G3: Assists | H3: CQB Kills | I3: LRB Kills | J3: CQB DMG | K3: LRB DMG
A4: Enter team results above, then place that team's player cards directly underneath.

Sheet BvsD_M5
A1: SQUADONE ESPORTS | B vs D | BvsD_M5
A3: # | B3: Team | C3: Total PTS | D3: Placement PTS | E3: Kills | F3: Total DMG | G3: Assists | H3: CQB Kills | I3: LRB Kills | J3: CQB DMG | K3: LRB DMG
A4: Enter team results above, then place that team's player cards directly underneath.

Sheet BvsD_M6
A1: SQUADONE ESPORTS | B vs D | BvsD_M6
A3: # | B3: Team | C3: Total PTS | D3: Placement PTS | E3: Kills | F3: Total DMG | G3: Assists | H3: CQB Kills | I3: LRB Kills | J3: CQB DMG | K3: LRB DMG
A4: Enter team results above, then place that team's player cards directly underneath.

Sheet AvsD_M1
A1: SQUADONE ESPORTS | A vs D | AvsD_M1
A3: # | B3: Team | C3: Total PTS | D3: Placement PTS | E3: Kills | F3: Total DMG | G3: Assists | H3: CQB Kills | I3: LRB Kills | J3: CQB DMG | K3: LRB DMG
A4: Enter team results above, then place that team's player cards directly underneath.

Sheet AvsD_M2
A1: SQUADONE ESPORTS | A vs D | AvsD_M2
A3: # | B3: Team | C3: Total PTS | D3: Placement PTS | E3: Kills | F3: Total DMG | G3: Assists | H3: CQB Kills | I3: LRB Kills | J3: CQB DMG | K3: LRB DMG
A4: Enter team results above, then place that team's player cards directly underneath.

Sheet AvsD_M3
A1: SQUADONE ESPORTS | A vs D | AvsD_M3
A3: # | B3: Team | C3: Total PTS | D3: Placement PTS | E3: Kills | F3: Total DMG | G3: Assists | H3: CQB Kills | I3: LRB Kills | J3: CQB DMG | K3: LRB DMG
A4: Enter team results above, then place that team's player cards directly underneath.

Sheet AvsD_M4
A1: SQUADONE ESPORTS | A vs D | AvsD_M4
A3: # | B3: Team | C3: Total PTS | D3: Placement PTS | E3: Kills | F3: Total DMG | G3: Assists | H3: CQB Kills | I3: LRB Kills | J3: CQB DMG | K3: LRB DMG
A4: Enter team results above, then place that team's player cards directly underneath.

Sheet AvsD_M5
A1: SQUADONE ESPORTS | A vs D | AvsD_M5
A3: # | B3: Team | C3: Total PTS | D3: Placement PTS | E3: Kills | F3: Total DMG | G3: Assists | H3: CQB Kills | I3: LRB Kills | J3: CQB DMG | K3: LRB DMG
A4: Enter team results above, then place that team's player cards directly underneath.

Sheet AvsD_M6
A1: SQUADONE ESPORTS | A vs D | AvsD_M6
A3: # | B3: Team | C3: Total PTS | D3: Placement PTS | E3: Kills | F3: Total DMG | G3: Assists | H3: CQB Kills | I3: LRB Kills | J3: CQB DMG | K3: LRB DMG
A4: Enter team results above, then place that team's player cards directly underneath.

Sheet BvsC_M1
A1: SQUADONE ESPORTS | B vs C | BvsC_M1
A3: # | B3: Team | C3: Total PTS | D3: Placement PTS | E3: Kills | F3: Total DMG | G3: Assists | H3: CQB Kills | I3: LRB Kills | J3: CQB DMG | K3: LRB DMG
A4: Enter team results above, then place that team's player cards directly underneath.

Sheet BvsC_M2
A1: SQUADONE ESPORTS | B vs C | BvsC_M2
A3: # | B3: Team | C3: Total PTS | D3: Placement PTS | E3: Kills | F3: Total DMG | G3: Assists | H3: CQB Kills | I3: LRB Kills | J3: CQB DMG | K3: LRB DMG
A4: Enter team results above, then place that team's player cards directly underneath.

Sheet BvsC_M3
A1: SQUADONE ESPORTS | B vs C | BvsC_M3
A3: # | B3: Team | C3: Total PTS | D3: Placement PTS | E3: Kills | F3: Total DMG | G3: Assists | H3: CQB Kills | I3: LRB Kills | J3: CQB DMG | K3: LRB DMG
A4: Enter team results above, then place that team's player cards directly underneath.

Sheet BvsC_M4
A1: SQUADONE ESPORTS | B vs C | BvsC_M4
A3: # | B3: Team | C3: Total PTS | D3: Placement PTS | E3: Kills | F3: Total DMG | G3: Assists | H3: CQB Kills | I3: LRB Kills | J3: CQB DMG | K3: LRB DMG
A4: Enter team results above, then place that team's player cards directly underneath.

Sheet BvsC_M5
A1: SQUADONE ESPORTS | B vs C | BvsC_M5
A3: # | B3: Team | C3: Total PTS | D3: Placement PTS | E3: Kills | F3: Total DMG | G3: Assists | H3: CQB Kills | I3: LRB Kills | J3: CQB DMG | K3: LRB DMG
A4: Enter team results above, then place that team's player cards directly underneath.

Sheet BvsC_M6
A1: SQUADONE ESPORTS | B vs C | BvsC_M6
A3: # | B3: Team | C3: Total PTS | D3: Placement PTS | E3: Kills | F3: Total DMG | G3: Assists | H3: CQB Kills | I3: LRB Kills | J3: CQB DMG | K3: LRB DMG
A4: Enter team results above, then place that team's player cards directly underneath.

Sheet Overall Leaderboard
A1: OVERALL QUALIFIERS LEADERBOARD
A3: Rank | B3: Team | C3: Matches | D3: Total PTS | E3: Placement PTS | F3: Kills | G3: Total DMG | H3: Assists | I3: CQB Kills | J3: LRB Kills
A4: 1 | B4: A047 | C4: =COUNTIF('AvsB_M1'!$B$4:$B$100,B4)+COUNTIF('AvsB_M2'!$B$4:$B$100,B4)+COUNTIF('AvsB_M3'!$B$4:$B$100,B4)+COUNTIF('AvsB_M4'!$B$4:$B$100,B4)+COUNTIF('AvsB_M5'!$B$4:$B$100,B4)+COUNTIF('AvsB_M6'!$B$4:$B$100,B4)+COUNTIF('CvsD_M1'!$B$4:$B$100,B4)+COUNTIF('CvsD_M2'!$B$4:$B$100,B4)+COUNTIF('CvsD_M3'!$B$4:$B$100,B4)+COUNTIF('CvsD_M4'!$B$4:$B$100,B4)+COUNTIF('CvsD_M5'!$B$4:$B$100,B4)+COUNTIF('CvsD_M6'!$B$4:$B$100,B4)+COUNTIF('AvsC_M1'!$B$4:$B$100,B4)+COUNTIF('AvsC_M2'!$B$4:$B$100,B4)+COUNTIF('AvsC_M3'!$B$4:$B$100,B4)+COUNTIF('AvsC_M4'!$B$4:$B$100,B4)+COUNTIF('AvsC_M5'!$B$4:$B$100,B4)+COUNTIF('AvsC_M6'!$B$4:$B$100,B4)+COUNTIF('BvsD_M1'!$B$4:$B$100,B4)+COUNTIF('BvsD_M2'!$B$4:$B$100,B4)+COUNTIF('BvsD_M3'!$B$4:$B$100,B4)+COUNTIF('BvsD_M4'!$B$4:$B$100,B4)+COUNTIF('BvsD_M5'!$B$4:$B$100,B4)+COUNTIF('BvsD_M6'!$B$4:$B$100,B4)+COUNTIF('AvsD_M1'!$B$4:$B$100,B4)+COUNTIF('AvsD_M2'!$B$4:$B$100,B4)+COUNTIF('AvsD_M3'!$B$4:$B$100,B4)+COUNTIF('AvsD_M4'!$B$4:$B$100,B4)+COUNTIF('AvsD_M5'!$B$4:$B$100,B4)+COUNTIF('AvsD_M6'!$B$4:$B$100,B4)+COUNTIF('BvsC_M1'!$B$4:$B$100,B4)+COUNTIF('BvsC_M2'!$B$4:$B$100,B4)+COUNTIF('BvsC_M3'!$B$4:$B$100,B4)+COUNTIF('BvsC_M4'!$B$4:$B$100,B4)+COUNTIF('BvsC_M5'!$B$4:$B$100,B4)+COUNTIF('BvsC_M6'!$B$4:$B$100,B4) | D4: =SUMIF('AvsB_M1'!$B$4:$B$100,B4,'AvsB_M1'!$C$4:$C$100)+SUMIF('AvsB_M2'!$B$4:$B$100,B4,'AvsB_M2'!$C$4:$C$100)+SUMIF('AvsB_M3'!$B$4:$B$100,B4,'AvsB_M3'!$C$4:$C$100)+SUMIF('AvsB_M4'!$B$4:$B$100,B4,'AvsB_M4'!$C$4:$C$100)+SUMIF('AvsB_M5'!$B$4:$B$100,B4,'AvsB_M5'!$C$4:$C$100)+SUMIF('AvsB_M6'!$B$4:$B$100,B4,'AvsB_M6'!$C$4:$C$100)+SUMIF('CvsD_M1'!$B$4:$B$100,B4,'CvsD_M1'!$C$4:$C$100)+SUMIF('CvsD_M2'!$B$4:$B$100,B4,'CvsD_M2'!$C$4:$C$100)+SUMIF('CvsD_M3'!$B$4:$B$100,B4,'CvsD_M3'!$C$4:$C$100)+SUMIF('CvsD_M4'!$B$4:$B$100,B4,'CvsD_M4'!$C$4:$C$100)+SUMIF('CvsD_M5'!$B$4:$B$100,B4,'CvsD_M5'!$C$4:$C$100)+SUMIF('CvsD_M6'!$B$4:$B$100,B4,'CvsD_M6'!$C$4:$C$100)+SUMIF('AvsC_M1'!$B$4:$B$100,B4,'AvsC_M1'!$C$4:$C$100)+SUMIF('AvsC_M2'!$B$4:$B$100,B4,'AvsC_M2'!$C$4:$C$100)+SUMIF('AvsC_M3'!$B$4:$B$100,B4,'AvsC_M3'!$C$4:$C$100)+SUMIF('AvsC_M4'!$B$4:$B$100,B4,'AvsC_M4'!$C$4:$C$100)+SUMIF('AvsC_M5'!$B$4:$B$100,B4,'AvsC_M5'!$C$4:$C$100)+SUMIF('AvsC_M6'!$B$4:$B$100,B4,'AvsC_M6'!$C$4:$C$100)+SUMIF('BvsD_M1'!$B$4:$B$100,B4,'BvsD_M1'!$C$4:$C$100)+SUMIF('BvsD_M2'!$B$4:$B$100,B4,'BvsD_M2'!$C$4:$C$100)+SUMIF('BvsD_M3'!$B$4:$B$100,B4,'BvsD_M3'!$C$4:$C$100)+SUMIF('BvsD_M4'!$B$4:$B$100,B4,'BvsD_M4'!$C$4:$C$100)+SUMIF('BvsD_M5'!$B$4:$B$100,B4,'BvsD_M5'!$C$4:$C$100)+SUMIF('BvsD_M6'!$B$4:$B$100,B4,'BvsD_M6'!$C$4:$C$100)+SUMIF('AvsD_M1'!$B$4:$B$100,B4,'AvsD_M1'!$C$4:$C$100)+SUMIF('AvsD_M2'!$B$4:$B$100,B4,'AvsD_M2'!$C$4:$C$100)+SUMIF('AvsD_M3'!$B$4:$B$100,B4,'AvsD_M3'!$C$4:$C$100)+SUMIF('AvsD_M4'!$B$4:$B$100,B4,'AvsD_M4'!$C$4:$C$100)+SUMIF('AvsD_M5'!$B$4:$B$100,B4,'AvsD_M5'!$C$4:$C$100)+SUMIF('AvsD_M6'!$B$4:$B$100,B4,'AvsD_M6'!$C$4:$C$100)+SUMIF('BvsC_M1'!$B$4:$B$100,B4,'BvsC_M1'!$C$4:$C$100)+SUMIF('BvsC_M2'!$B$4:$B$100,B4,'BvsC_M2'!$C$4:$C$100)+SUMIF('BvsC_M3'!$B$4:$B$100,B4,'BvsC_M3'!$C$4:$C$100)+SUMIF('BvsC_M4'!$B$4:$B$100,B4,'BvsC_M4'!$C$4:$C$100)+SUMIF('BvsC_M5'!$B$4:$B$100,B4,'BvsC_M5'!$C$4:$C$100)+SUMIF('BvsC_M6'!$B$4:$B$100,B4,'BvsC_M6'!$C$4:$C$100) | E4: =SUMIF('AvsB_M1'!$B$4:$B$100,B4,'AvsB_M1'!$D$4:$D$100)+SUMIF('AvsB_M2'!$B$4:$B$100,B4,'AvsB_M2'!$D$4:$D$100)+SUMIF('AvsB_M3'!$B$4:$B$100,B4,'AvsB_M3'!$D$4:$D$100)+SUMIF('AvsB_M4'!$B$4:$B$100,B4,'AvsB_M4'!$D$4:$D$100)+SUMIF('AvsB_M5'!$B$4:$B$100,B4,'AvsB_M5'!$D$4:$D$100)+SUMIF('AvsB_M6'!$B$4:$B$100,B4,'AvsB_M6'!$D$4:$D$100)+SUMIF('CvsD_M1'!$B$4:$B$100,B4,'CvsD_M1'!$D$4:$D$100)+SUMIF('CvsD_M2'!$B$4:$B$100,B4,'CvsD_M2'!$D$4:$D$100)+SUMIF('CvsD_M3'!$B$4:$B$100,B4,'CvsD_M3'!$D$4:$D$100)+SUMIF('CvsD_M4'!$B$4:$B$100,B4,'CvsD_M4'!$D$4:$D$100)+SUMIF('CvsD_M5'!$B$4:$B$100,B4,'CvsD_M5'!$D$4:$D$100)+SUMIF('CvsD_M6'!$B$4:$B$100,B4,'CvsD_M6'!$D$4:$D$100)+SUMIF('AvsC_M1'!$B$4:$B$100,B4,'AvsC_M1'!$D$4:$D$100)+SUMIF('AvsC_M2'!$B$4:$B$100,B4,'AvsC_M2'!$D$4:$D$100)+SUMIF('AvsC_M3'!$B$4:$B$100,B4,'AvsC_M3'!$D$4:$D$100)+SUMIF('AvsC_M4'!$B$4:$B$100,B4,'AvsC_M4'!$D$4:$D$100)+SUMIF('AvsC_M5'!$B$4:$B$100,B4,'AvsC_M5'!$D$4:$D$100)+SUMIF('AvsC_M6'!$B$4:$B$100,B4,'AvsC_M6'!$D$4:$D$100)+SUMIF('BvsD_M1'!$B$4:$B$100,B4,'BvsD_M1'!$D$4:$D$100)+SUMIF('BvsD_M2'!$B$4:$B$100,B4,'BvsD_M2'!$D$4:$D$100)+SUMIF('BvsD_M3'!$B$4:$B$100,B4,'BvsD_M3'!$D$4:$D$100)+SUMIF('BvsD_M4'!$B$4:$B$100,B4,'BvsD_M4'!$D$4:$D$100)+SUMIF('BvsD_M5'!$B$4:$B$100,B4,'BvsD_M5'!$D$4:$D$100)+SUMIF('BvsD_M6'!$B$4:$B$100,B4,'BvsD_M6'!$D$4:$D$100)+SUMIF('AvsD_M1'!$B$4:$B$100,B4,'AvsD_M1'!$D$4:$D$100)+SUMIF('AvsD_M2'!$B$4:$B$100,B4,'AvsD_M2'!$D$4:$D$100)+SUMIF('AvsD_M3'!$B$4:$B$100,B4,'AvsD_M3'!$D$4:$D$100)+SUMIF('AvsD_M4'!$B$4:$B$100,B4,'AvsD_M4'!$D$4:$D$100)+SUMIF('AvsD_M5'!$B$4:$B$100,B4,'AvsD_M5'!$D$4:$D$100)+SUMIF('AvsD_M6'!$B$4:$B$100,B4,'AvsD_M6'!$D$4:$D$100)+SUMIF('BvsC_M1'!$B$4:$B$100,B4,'BvsC_M1'!$D$4:$D$100)+SUMIF('BvsC_M2'!$B$4:$B$100,B4,'BvsC_M2'!$D$4:$D$100)+SUMIF('BvsC_M3'!$B$4:$B$100,B4,'BvsC_M3'!$D$4:$D$100)+SUMIF('BvsC_M4'!$B$4:$B$100,B4,'BvsC_M4'!$D$4:$D$100)+SUMIF('BvsC_M5'!$B$4:$B$100,B4,'BvsC_M5'!$D$4:$D$100)+SUMIF('BvsC_M6'!$B$4:$B$100,B4,'BvsC_M6'!$D$4:$D$100) | F4: =SUMIF('AvsB_M1'!$B$4:$B$100,B4,'AvsB_M1'!$E$4:$E$100)+SUMIF('AvsB_M2'!$B$4:$B$100,B4,'AvsB_M2'!$E$4:$E$100)+SUMIF('AvsB_M3'!$B$4:$B$100,B4,'AvsB_M3'!$E$4:$E$100)+SUMIF('AvsB_M4'!$B$4:$B$100,B4,'AvsB_M4'!$E$4:$E$100)+SUMIF('AvsB_M5'!$B$4:$B$100,B4,'AvsB_M5'!$E$4:$E$100)+SUMIF('AvsB_M6'!$B$4:$B$100,B4,'AvsB_M6'!$E$4:$E$100)+SUMIF('CvsD_M1'!$B$4:$B$100,B4,'CvsD_M1'!$E$4:$E$100)+SUMIF('CvsD_M2'!$B$4:$B$100,B4,'CvsD_M2'!$E$4:$E$100)+SUMIF('CvsD_M3'!$B$4:$B$100,B4,'CvsD_M3'!$E$4:$E$100)+SUMIF('CvsD_M4'!$B$4:$B$100,B4,'CvsD_M4'!$E$4:$E$100)+SUMIF('CvsD_M5'!$B$4:$B$100,B4,'CvsD_M5'!$E$4:$E$100)+SUMIF('CvsD_M6'!$B$4:$B$100,B4,'CvsD_M6'!$E$4:$E$100)+SUMIF('AvsC_M1'!$B$4:$B$100,B4,'AvsC_M1'!$E$4:$E$100)+SUMIF('AvsC_M2'!$B$4:$B$100,B4,'AvsC_M2'!$E$4:$E$100)+SUMIF('AvsC_M3'!$B$4:$B$100,B4,'AvsC_M3'!$E$4:$E$100)+SUMIF('AvsC_M4'!$B$4:$B$100,B4,'AvsC_M4'!$E$4:$E$100)+SUMIF('AvsC_M5'!$B$4:$B$100,B4,'AvsC_M5'!$E$4:$E$100)+SUMIF('AvsC_M6'!$B$4:$B$100,B4,'AvsC_M6'!$E$4:$E$100)+SUMIF('BvsD_M1'!$B$4:$B$100,B4,'BvsD_M1'!$E$4:$E$100)+SUMIF('BvsD_M2'!$B$4:$B$100,B4,'BvsD_M2'!$E$4:$E$100)+SUMIF('BvsD_M3'!$B$4:$B$100,B4,'BvsD_M3'!$E$4:$E$100)+SUMIF('BvsD_M4'!$B$4:$B$100,B4,'BvsD_M4'!$E$4:$E$100)+SUMIF('BvsD_M5'!$B$4:$B$100,B4,'BvsD_M5'!$E$4:$E$100)+SUMIF('BvsD_M6'!$B$4:$B$100,B4,'BvsD_M6'!$E$4:$E$100)+SUMIF('AvsD_M1'!$B$4:$B$100,B4,'AvsD_M1'!$E$4:$E$100)+SUMIF('AvsD_M2'!$B$4:$B$100,B4,'AvsD_M2'!$E$4:$E$100)+SUMIF('AvsD_M3'!$B$4:$B$100,B4,'AvsD_M3'!$E$4:$E$100)+SUMIF('AvsD_M4'!$B$4:$B$100,B4,'AvsD_M4'!$E$4:$E$100)+SUMIF('AvsD_M5'!$B$4:$B$100,B4,'AvsD_M5'!$E$4:$E$100)+SUMIF('AvsD_M6'!$B$4:$B$100,B4,'AvsD_M6'!$E$4:$E$100)+SUMIF('BvsC_M1'!$B$4:$B$100,B4,'BvsC_M1'!$E$4:$E$100)+SUMIF('BvsC_M2'!$B$4:$B$100,B4,'BvsC_M2'!$E$4:$E$100)+SUMIF('BvsC_M3'!$B$4:$B$100,B4,'BvsC_M3'!$E$4:$E$100)+SUMIF('BvsC_M4'!$B$4:$B$100,B4,'BvsC_M4'!$E$4:$E$100)+SUMIF('BvsC_M5'!$B$4:$B$100,B4,'BvsC_M5'!$E$4:$E$100)+SUMIF('BvsC_M6'!$B$4:$B$100,B4,'BvsC_M6'!$E$4:$E$100) | G4: =SUMIF('AvsB_M1'!$B$4:$B$100,B4,'AvsB_M1'!$F$4:$F$100)+SUMIF('AvsB_M2'!$B$4:$B$100,B4,'AvsB_M2'!$F$4:$F$100)+SUMIF('AvsB_M3'!$B$4:$B$100,B4,'AvsB_M3'!$F$4:$F$100)+SUMIF('AvsB_M4'!$B$4:$B$100,B4,'AvsB_M4'!$F$4:$F$100)+SUMIF('AvsB_M5'!$B$4:$B$100,B4,'AvsB_M5'!$F$4:$F$100)+SUMIF('AvsB_M6'!$B$4:$B$100,B4,'AvsB_M6'!$F$4:$F$100)+SUMIF('CvsD_M1'!$B$4:$B$100,B4,'CvsD_M1'!$F$4:$F$100)+SUMIF('CvsD_M2'!$B$4:$B$100,B4,'CvsD_M2'!$F$4:$F$100)+SUMIF('CvsD_M3'!$B$4:$B$100,B4,'CvsD_M3'!$F$4:$F$100)+SUMIF('CvsD_M4'!$B$4:$B$100,B4,'CvsD_M4'!$F$4:$F$100)+SUMIF('CvsD_M5'!$B$4:$B$100,B4,'CvsD_M5'!$F$4:$F$100)+SUMIF('CvsD_M6'!$B$4:$B$100,B4,'CvsD_M6'!$F$4:$F$100)+SUMIF('AvsC_M1'!$B$4:$B$100,B4,'AvsC_M1'!$F$4:$F$100)+SUMIF('AvsC_M2'!$B$4:$B$100,B4,'AvsC_M2'!$F$4:$F$100)+SUMIF('AvsC_M3'!$B$4:$B$100,B4,'AvsC_M3'!$F$4:$F$100)+SUMIF('AvsC_M4'!$B$4:$B$100,B4,'AvsC_M4'!$F$4:$F$100)+SUMIF('AvsC_M5'!$B$4:$B$100,B4,'AvsC_M5'!$F$4:$F$100)+SUMIF('AvsC_M6'!$B$4:$B$100,B4,'AvsC_M6'!$F$4:$F$100)+SUMIF('BvsD_M1'!$B$4:$B$100,B4,'BvsD_M1'!$F$4:$F$100)+SUMIF('BvsD_M2'!$B$4:$B$100,B4,'BvsD_M2'!$F$4:$F$100)+SUMIF('BvsD_M3'!$B$4:$B$100,B4,'BvsD_M3'!$F$4:$F$100)+SUMIF('BvsD_M4'!$B$4:$B$100,B4,'BvsD_M4'!$F$4:$F$100)+SUMIF('BvsD_M5'!$B$4:$B$100,B4,'BvsD_M5'!$F$4:$F$100)+SUMIF('BvsD_M6'!$B$4:$B$100,B4,'BvsD_M6'!$F$4:$F$100)+SUMIF('AvsD_M1'!$B$4:$B$100,B4,'AvsD_M1'!$F$4:$F$100)+SUMIF('AvsD_M2'!$B$4:$B$100,B4,'AvsD_M2'!$F$4:$F$100)+SUMIF('AvsD_M3'!$B$4:$B$100,B4,'AvsD_M3'!$F$4:$F$100)+SUMIF('AvsD_M4'!$B$4:$B$100,B4,'AvsD_M4'!$F$4:$F$100)+SUMIF('AvsD_M5'!$B$4:$B$100,B4,'AvsD_M5'!$F$4:$F$100)+SUMIF('AvsD_M6'!$B$4:$B$100,B4,'AvsD_M6'!$F$4:$F$100)+SUMIF('BvsC_M1'!$B$4:$B$100,B4,'BvsC_M1'!$F$4:$F$100)+SUMIF('BvsC_M2'!$B$4:$B$100,B4,'BvsC_M2'!$F$4:$F$100)+SUMIF('BvsC_M3'!$B$4:$B$100,B4,'BvsC_M3'!$F$4:$F$100)+SUMIF('BvsC_M4'!$B$4:$B$100,B4,'BvsC_M4'!$F$4:$F$100)+SUMIF('BvsC_M5'!$B$4:$B$100,B4,'BvsC_M5'!$F$4:$F$100)+SUMIF('BvsC_M6'!$B$4:$B$100,B4,'BvsC_M6'!$F$4:$F$100) | H4: =SUMIF('AvsB_M1'!$B$4:$B$100,B4,'AvsB_M1'!$G$4:$G$100)+SUMIF('AvsB_M2'!$B$4:$B$100,B4,'AvsB_M2'!$G$4:$G$100)+SUMIF('AvsB_M3'!$B$4:$B$100,B4,'AvsB_M3'!$G$4:$G$100)+SUMIF('AvsB_M4'!$B$4:$B$100,B4,'AvsB_M4'!$G$4:$G$100)+SUMIF('AvsB_M5'!$B$4:$B$100,B4,'AvsB_M5'!$G$4:$G$100)+SUMIF('AvsB_M6'!$B$4:$B$100,B4,'AvsB_M6'!$G$4:$G$100)+SUMIF('CvsD_M1'!$B$4:$B$100,B4,'CvsD_M1'!$G$4:$G$100)+SUMIF('CvsD_M2'!$B$4:$B$100,B4,'CvsD_M2'!$G$4:$G$100)+SUMIF('CvsD_M3'!$B$4:$B$100,B4,'CvsD_M3'!$G$4:$G$100)+SUMIF('CvsD_M4'!$B$4:$B$100,B4,'CvsD_M4'!$G$4:$G$100)+SUMIF('CvsD_M5'!$B$4:$B$100,B4,'CvsD_M5'!$G$4:$G$100)+SUMIF('CvsD_M6'!$B$4:$B$100,B4,'CvsD_M6'!$G$4:$G$100)+SUMIF('AvsC_M1'!$B$4:$B$100,B4,'AvsC_M1'!$G$4:$G$100)+SUMIF('AvsC_M2'!$B$4:$B$100,B4,'AvsC_M2'!$G$4:$G$100)+SUMIF('AvsC_M3'!$B$4:$B$100,B4,'AvsC_M3'!$G$4:$G$100)+SUMIF('AvsC_M4'!$B$4:$B$100,B4,'AvsC_M4'!$G$4:$G$100)+SUMIF('AvsC_M5'!$B$4:$B$100,B4,'AvsC_M5'!$G$4:$G$100)+SUMIF('AvsC_M6'!$B$4:$B$100,B4,'AvsC_M6'!$G$4:$G$100)+SUMIF('BvsD_M1'!$B$4:$B$100,B4,'BvsD_M1'!$G$4:$G$100)+SUMIF('BvsD_M2'!$B$4:$B$100,B4,'BvsD_M2'!$G$4:$G$100)+SUMIF('BvsD_M3'!$B$4:$B$100,B4,'BvsD_M3'!$G$4:$G$100)+SUMIF('BvsD_M4'!$B$4:$B$100,B4,'BvsD_M4'!$G$4:$G$100)+SUMIF('BvsD_M5'!$B$4:$B$100,B4,'BvsD_M5'!$G$4:$G$100)+SUMIF('BvsD_M6'!$B$4:$B$100,B4,'BvsD_M6'!$G$4:$G$100)+SUMIF('AvsD_M1'!$B$4:$B$100,B4,'AvsD_M1'!$G$4:$G$100)+SUMIF('AvsD_M2'!$B$4:$B$100,B4,'AvsD_M2'!$G$4:$G$100)+SUMIF('AvsD_M3'!$B$4:$B$100,B4,'AvsD_M3'!$G$4:$G$100)+SUMIF('AvsD_M4'!$B$4:$B$100,B4,'AvsD_M4'!$G$4:$G$100)+SUMIF('AvsD_M5'!$B$4:$B$100,B4,'AvsD_M5'!$G$4:$G$100)+SUMIF('AvsD_M6'!$B$4:$B$100,B4,'AvsD_M6'!$G$4:$G$100)+SUMIF('BvsC_M1'!$B$4:$B$100,B4,'BvsC_M1'!$G$4:$G$100)+SUMIF('BvsC_M2'!$B$4:$B$100,B4,'BvsC_M2'!$G$4:$G$100)+SUMIF('BvsC_M3'!$B$4:$B$100,B4,'BvsC_M3'!$G$4:$G$100)+SUMIF('BvsC_M4'!$B$4:$B$100,B4,'BvsC_M4'!$G$4:$G$100)+SUMIF('BvsC_M5'!$B$4:$B$100,B4,'BvsC_M5'!$G$4:$G$100)+SUMIF('BvsC_M6'!$B$4:$B$100,B4,'BvsC_M6'!$G$4:$G$100) | I4: =SUMIF('AvsB_M1'!$B$4:$B$100,B4,'AvsB_M1'!$H$4:$H$100)+SUMIF('AvsB_M2'!$B$4:$B$100,B4,'AvsB_M2'!$H$4:$H$100)+SUMIF('AvsB_M3'!$B$4:$B$100,B4,'AvsB_M3'!$H$4:$H$100)+SUMIF('AvsB_M4'!$B$4:$B$100,B4,'AvsB_M4'!$H$4:$H$100)+SUMIF('AvsB_M5'!$B$4:$B$100,B4,'AvsB_M5'!$H$4:$H$100)+SUMIF('AvsB_M6'!$B$4:$B$100,B4,'AvsB_M6'!$H$4:$H$100)+SUMIF('CvsD_M1'!$B$4:$B$100,B4,'CvsD_M1'!$H$4:$H$100)+SUMIF('CvsD_M2'!$B$4:$B$100,B4,'CvsD_M2'!$H$4:$H$100)+SUMIF('CvsD_M3'!$B$4:$B$100,B4,'CvsD_M3'!$H$4:$H$100)+SUMIF('CvsD_M4'!$B$4:$B$100,B4,'CvsD_M4'!$H$4:$H$100)+SUMIF('CvsD_M5'!$B$4:$B$100,B4,'CvsD_M5'!$H$4:$H$100)+SUMIF('CvsD_M6'!$B$4:$B$100,B4,'CvsD_M6'!$H$4:$H$100)+SUMIF('AvsC_M1'!$B$4:$B$100,B4,'AvsC_M1'!$H$4:$H$100)+SUMIF('AvsC_M2'!$B$4:$B$100,B4,'AvsC_M2'!$H$4:$H$100)+SUMIF('AvsC_M3'!$B$4:$B$100,B4,'AvsC_M3'!$H$4:$H$100)+SUMIF('AvsC_M4'!$B$4:$B$100,B4,'AvsC_M4'!$H$4:$H$100)+SUMIF('AvsC_M5'!$B$4:$B$100,B4,'AvsC_M5'!$H$4:$H$100)+SUMIF('AvsC_M6'!$B$4:$B$100,B4,'AvsC_M6'!$H$4:$H$100)+SUMIF('BvsD_M1'!$B$4:$B$100,B4,'BvsD_M1'!$H$4:$H$100)+SUMIF('BvsD_M2'!$B$4:$B$100,B4,'BvsD_M2'!$H$4:$H$100)+SUMIF('BvsD_M3'!$B$4:$B$100,B4,'BvsD_M3'!$H$4:$H$100)+SUMIF('BvsD_M4'!$B$4:$B$100,B4,'BvsD_M4'!$H$4:$H$100)+SUMIF('BvsD_M5'!$B$4:$B$100,B4,'BvsD_M5'!$H$4:$H$100)+SUMIF('BvsD_M6'!$B$4:$B$100,B4,'BvsD_M6'!$H$4:$H$100)+SUMIF('AvsD_M1'!$B$4:$B$100,B4,'AvsD_M1'!$H$4:$H$100)+SUMIF('AvsD_M2'!$B$4:$B$100,B4,'AvsD_M2'!$H$4:$H$100)+SUMIF('AvsD_M3'!$B$4:$B$100,B4,'AvsD_M3'!$H$4:$H$100)+SUMIF('AvsD_M4'!$B$4:$B$100,B4,'AvsD_M4'!$H$4:$H$100)+SUMIF('AvsD_M5'!$B$4:$B$100,B4,'AvsD_M5'!$H$4:$H$100)+SUMIF('AvsD_M6'!$B$4:$B$100,B4,'AvsD_M6'!$H$4:$H$100)+SUMIF('BvsC_M1'!$B$4:$B$100,B4,'BvsC_M1'!$H$4:$H$100)+SUMIF('BvsC_M2'!$B$4:$B$100,B4,'BvsC_M2'!$H$4:$H$100)+SUMIF('BvsC_M3'!$B$4:$B$100,B4,'BvsC_M3'!$H$4:$H$100)+SUMIF('BvsC_M4'!$B$4:$B$100,B4,'BvsC_M4'!$H$4:$H$100)+SUMIF('BvsC_M5'!$B$4:$B$100,B4,'BvsC_M5'!$H$4:$H$100)+SUMIF('BvsC_M6'!$B$4:$B$100,B4,'BvsC_M6'!$H$4:$H$100) | J4: =SUMIF('AvsB_M1'!$B$4:$B$100,B4,'AvsB_M1'!$I$4:$I$100)+SUMIF('AvsB_M2'!$B$4:$B$100,B4,'AvsB_M2'!$I$4:$I$100)+SUMIF('AvsB_M3'!$B$4:$B$100,B4,'AvsB_M3'!$I$4:$I$100)+SUMIF('AvsB_M4'!$B$4:$B$100,B4,'AvsB_M4'!$I$4:$I$100)+SUMIF('AvsB_M5'!$B$4:$B$100,B4,'AvsB_M5'!$I$4:$I$100)+SUMIF('AvsB_M6'!$B$4:$B$100,B4,'AvsB_M6'!$I$4:$I$100)+SUMIF('CvsD_M1'!$B$4:$B$100,B4,'CvsD_M1'!$I$4:$I$100)+SUMIF('CvsD_M2'!$B$4:$B$100,B4,'CvsD_M2'!$I$4:$I$100)+SUMIF('CvsD_M3'!$B$4:$B$100,B4,'CvsD_M3'!$I$4:$I$100)+SUMIF('CvsD_M4'!$B$4:$B$100,B4,'CvsD_M4'!$I$4:$I$100)+SUMIF('CvsD_M5'!$B$4:$B$100,B4,'CvsD_M5'!$I$4:$I$100)+SUMIF('CvsD_M6'!$B$4:$B$100,B4,'CvsD_M6'!$I$4:$I$100)+SUMIF('AvsC_M1'!$B$4:$B$100,B4,'AvsC_M1'!$I$4:$I$100)+SUMIF('AvsC_M2'!$B$4:$B$100,B4,'AvsC_M2'!$I$4:$I$100)+SUMIF('AvsC_M3'!$B$4:$B$100,B4,'AvsC_M3'!$I$4:$I$100)+SUMIF('AvsC_M4'!$B$4:$B$100,B4,'AvsC_M4'!$I$4:$I$100)+SUMIF('AvsC_M5'!$B$4:$B$100,B4,'AvsC_M5'!$I$4:$I$100)+SUMIF('AvsC_M6'!$B$4:$B$100,B4,'AvsC_M6'!$I$4:$I$100)+SUMIF('BvsD_M1'!$B$4:$B$100,B4,'BvsD_M1'!$I$4:$I$100)+SUMIF('BvsD_M2'!$B$4:$B$100,B4,'BvsD_M2'!$I$4:$I$100)+SUMIF('BvsD_M3'!$B$4:$B$100,B4,'BvsD_M3'!$I$4:$I$100)+SUMIF('BvsD_M4'!$B$4:$B$100,B4,'BvsD_M4'!$I$4:$I$100)+SUMIF('BvsD_M5'!$B$4:$B$100,B4,'BvsD_M5'!$I$4:$I$100)+SUMIF('BvsD_M6'!$B$4:$B$100,B4,'BvsD_M6'!$I$4:$I$100)+SUMIF('AvsD_M1'!$B$4:$B$100,B4,'AvsD_M1'!$I$4:$I$100)+SUMIF('AvsD_M2'!$B$4:$B$100,B4,'AvsD_M2'!$I$4:$I$100)+SUMIF('AvsD_M3'!$B$4:$B$100,B4,'AvsD_M3'!$I$4:$I$100)+SUMIF('AvsD_M4'!$B$4:$B$100,B4,'AvsD_M4'!$I$4:$I$100)+SUMIF('AvsD_M5'!$B$4:$B$100,B4,'AvsD_M5'!$I$4:$I$100)+SUMIF('AvsD_M6'!$B$4:$B$100,B4,'AvsD_M6'!$I$4:$I$100)+SUMIF('BvsC_M1'!$B$4:$B$100,B4,'BvsC_M1'!$I$4:$I$100)+SUMIF('BvsC_M2'!$B$4:$B$100,B4,'BvsC_M2'!$I$4:$I$100)+SUMIF('BvsC_M3'!$B$4:$B$100,B4,'BvsC_M3'!$I$4:$I$100)+SUMIF('BvsC_M4'!$B$4:$B$100,B4,'BvsC_M4'!$I$4:$I$100)+SUMIF('BvsC_M5'!$B$4:$B$100,B4,'BvsC_M5'!$I$4:$I$100)+SUMIF('BvsC_M6'!$B$4:$B$100,B4,'BvsC_M6'!$I$4:$I$100)
A5: 2 | B5: AIMLEGIT | C5: =COUNTIF('AvsB_M1'!$B$4:$B$100,B5)+COUNTIF('AvsB_M2'!$B$4:$B$100,B5)+COUNTIF('AvsB_M3'!$B$4:$B$100,B5)+COUNTIF('AvsB_M4'!$B$4:$B$100,B5)+COUNTIF('AvsB_M5'!$B$4:$B$100,B5)+COUNTIF('AvsB_M6'!$B$4:$B$100,B5)+COUNTIF('CvsD_M1'!$B$4:$B$100,B5)+COUNTIF('CvsD_M2'!$B$4:$B$100,B5)+COUNTIF('CvsD_M3'!$B$4:$B$100,B5)+COUNTIF('CvsD_M4'!$B$4:$B$100,B5)+COUNTIF('CvsD_M5'!$B$4:$B$100,B5)+COUNTIF('CvsD_M6'!$B$4:$B$100,B5)+COUNTIF('AvsC_M1'!$B$4:$B$100,B5)+COUNTIF('AvsC_M2'!$B$4:$B$100,B5)+COUNTIF('AvsC_M3'!$B$4:$B$100,B5)+COUNTIF('AvsC_M4'!$B$4:$B$100,B5)+COUNTIF('AvsC_M5'!$B$4:$B$100,B5)+COUNTIF('AvsC_M6'!$B$4:$B$100,B5)+COUNTIF('BvsD_M1'!$B$4:$B$100,B5)+COUNTIF('BvsD_M2'!$B$4:$B$100,B5)+COUNTIF('BvsD_M3'!$B$4:$B$100,B5)+COUNTIF('BvsD_M4'!$B$4:$B$100,B5)+COUNTIF('BvsD_M5'!$B$4:$B$100,B5)+COUNTIF('BvsD_M6'!$B$4:$B$100,B5)+COUNTIF('AvsD_M1'!$B$4:$B$100,B5)+COUNTIF('AvsD_M2'!$B$4:$B$100,B5)+COUNTIF('AvsD_M3'!$B$4:$B$100,B5)+COUNTIF('AvsD_M4'!$B$4:$B$100,B5)+COUNTIF('AvsD_M5'!$B$4:$B$100,B5)+COUNTIF('AvsD_M6'!$B$4:$B$100,B5)+COUNTIF('BvsC_M1'!$B$4:$B$100,B5)+COUNTIF('BvsC_M2'!$B$4:$B$100,B5)+COUNTIF('BvsC_M3'!$B$4:$B$100,B5)+COUNTIF('BvsC_M4'!$B$4:$B$100,B5)+COUNTIF('BvsC_M5'!$B$4:$B$100,B5)+COUNTIF('BvsC_M6'!$B$4:$B$100,B5) | D5: =SUMIF('AvsB_M1'!$B$4:$B$100,B5,'AvsB_M1'!$C$4:$C$100)+SUMIF('AvsB_M2'!$B$4:$B$100,B5,'AvsB_M2'!$C$4:$C$100)+SUMIF('AvsB_M3'!$B$4:$B$100,B5,'AvsB_M3'!$C$4:$C$100)+SUMIF('AvsB_M4'!$B$4:$B$100,B5,'AvsB_M4'!$C$4:$C$100)+SUMIF('AvsB_M5'!$B$4:$B$100,B5,'AvsB_M5'!$C$4:$C$100)+SUMIF('AvsB_M6'!$B$4:$B$100,B5,'AvsB_M6'!$C$4:$C$100)+SUMIF('CvsD_M1'!$B$4:$B$100,B5,'CvsD_M1'!$C$4:$C$100)+SUMIF('CvsD_M2'!$B$4:$B$100,B5,'CvsD_M2'!$C$4:$C$100)+SUMIF('CvsD_M3'!$B$4:$B$100,B5,'CvsD_M3'!$C$4:$C$100)+SUMIF('CvsD_M4'!$B$4:$B$100,B5,'CvsD_M4'!$C$4:$C$100)+SUMIF('CvsD_M5'!$B$4:$B$100,B5,'CvsD_M5'!$C$4:$C$100)+SUMIF('CvsD_M6'!$B$4:$B$100,B5,'CvsD_M6'!$C$4:$C$100)+SUMIF('AvsC_M1'!$B$4:$B$100,B5,'AvsC_M1'!$C$4:$C$100)+SUMIF('AvsC_M2'!$B$4:$B$100,B5,'AvsC_M2'!$C$4:$C$100)+SUMIF('AvsC_M3'!$B$4:$B$100,B5,'AvsC_M3'!$C$4:$C$100)+SUMIF('AvsC_M4'!$B$4:$B$100,B5,'AvsC_M4'!$C$4:$C$100)+SUMIF('AvsC_M5'!$B$4:$B$100,B5,'AvsC_M5'!$C$4:$C$100)+SUMIF('AvsC_M6'!$B$4:$B$100,B5,'AvsC_M6'!$C$4:$C$100)+SUMIF('BvsD_M1'!$B$4:$B$100,B5,'BvsD_M1'!$C$4:$C$100)+SUMIF('BvsD_M2'!$B$4:$B$100,B5,'BvsD_M2'!$C$4:$C$100)+SUMIF('BvsD_M3'!$B$4:$B$100,B5,'BvsD_M3'!$C$4:$C$100)+SUMIF('BvsD_M4'!$B$4:$B$100,B5,'BvsD_M4'!$C$4:$C$100)+SUMIF('BvsD_M5'!$B$4:$B$100,B5,'BvsD_M5'!$C$4:$C$100)+SUMIF('BvsD_M6'!$B$4:$B$100,B5,'BvsD_M6'!$C$4:$C$100)+SUMIF('AvsD_M1'!$B$4:$B$100,B5,'AvsD_M1'!$C$4:$C$100)+SUMIF('AvsD_M2'!$B$4:$B$100,B5,'AvsD_M2'!$C$4:$C$100)+SUMIF('AvsD_M3'!$B$4:$B$100,B5,'AvsD_M3'!$C$4:$C$100)+SUMIF('AvsD_M4'!$B$4:$B$100,B5,'AvsD_M4'!$C$4:$C$100)+SUMIF('AvsD_M5'!$B$4:$B$100,B5,'AvsD_M5'!$C$4:$C$100)+SUMIF('AvsD_M6'!$B$4:$B$100,B5,'AvsD_M6'!$C$4:$C$100)+SUMIF('BvsC_M1'!$B$4:$B$100,B5,'BvsC_M1'!$C$4:$C$100)+SUMIF('BvsC_M2'!$B$4:$B$100,B5,'BvsC_M2'!$C$4:$C$100)+SUMIF('BvsC_M3'!$B$4:$B$100,B5,'BvsC_M3'!$C$4:$C$100)+SUMIF('BvsC_M4'!$B$4:$B$100,B5,'BvsC_M4'!$C$4:$C$100)+SUMIF('BvsC_M5'!$B$4:$B$100,B5,'BvsC_M5'!$C$4:$C$100)+SUMIF('BvsC_M6'!$B$4:$B$100,B5,'BvsC_M6'!$C$4:$C$100) | E5: =SUMIF('AvsB_M1'!$B$4:$B$100,B5,'AvsB_M1'!$D$4:$D$100)+SUMIF('AvsB_M2'!$B$4:$B$100,B5,'AvsB_M2'!$D$4:$D$100)+SUMIF('AvsB_M3'!$B$4:$B$100,B5,'AvsB_M3'!$D$4:$D$100)+SUMIF('AvsB_M4'!$B$4:$B$100,B5,'AvsB_M4'!$D$4:$D$100)+SUMIF('AvsB_M5'!$B$4:$B$100,B5,'AvsB_M5'!$D$4:$D$100)+SUMIF('AvsB_M6'!$B$4:$B$100,B5,'AvsB_M6'!$D$4:$D$100)+SUMIF('CvsD_M1'!$B$4:$B$100,B5,'CvsD_M1'!$D$4:$D$100)+SUMIF('CvsD_M2'!$B$4:$B$100,B5,'CvsD_M2'!$D$4:$D$100)+SUMIF('CvsD_M3'!$B$4:$B$100,B5,'CvsD_M3'!$D$4:$D$100)+SUMIF('CvsD_M4'!$B$4:$B$100,B5,'CvsD_M4'!$D$4:$D$100)+SUMIF('CvsD_M5'!$B$4:$B$100,B5,'CvsD_M5'!$D$4:$D$100)+SUMIF('CvsD_M6'!$B$4:$B$100,B5,'CvsD_M6'!$D$4:$D$100)+SUMIF('AvsC_M1'!$B$4:$B$100,B5,'AvsC_M1'!$D$4:$D$100)+SUMIF('AvsC_M2'!$B$4:$B$100,B5,'AvsC_M2'!$D$4:$D$100)+SUMIF('AvsC_M3'!$B$4:$B$100,B5,'AvsC_M3'!$D$4:$D$100)+SUMIF('AvsC_M4'!$B$4:$B$100,B5,'AvsC_M4'!$D$4:$D$100)+SUMIF('AvsC_M5'!$B$4:$B$100,B5,'AvsC_M5'!$D$4:$D$100)+SUMIF('AvsC_M6'!$B$4:$B$100,B5,'AvsC_M6'!$D$4:$D$100)+SUMIF('BvsD_M1'!$B$4:$B$100,B5,'BvsD_M1'!$D$4:$D$100)+SUMIF('BvsD_M2'!$B$4:$B$100,B5,'BvsD_M2'!$D$4:$D$100)+SUMIF('BvsD_M3'!$B$4:$B$100,B5,'BvsD_M3'!$D$4:$D$100)+SUMIF('BvsD_M4'!$B$4:$B$100,B5,'BvsD_M4'!$D$4:$D$100)+SUMIF('BvsD_M5'!$B$4:$B$100,B5,'BvsD_M5'!$D$4:$D$100)+SUMIF('BvsD_M6'!$B$4:$B$100,B5,'BvsD_M6'!$D$4:$D$100)+SUMIF('AvsD_M1'!$B$4:$B$100,B5,'AvsD_M1'!$D$4:$D$100)+SUMIF('AvsD_M2'!$B$4:$B$100,B5,'AvsD_M2'!$D$4:$D$100)+SUMIF('AvsD_M3'!$B$4:$B$100,B5,'AvsD_M3'!$D$4:$D$100)+SUMIF('AvsD_M4'!$B$4:$B$100,B5,'AvsD_M4'!$D$4:$D$100)+SUMIF('AvsD_M5'!$B$4:$B$100,B5,'AvsD_M5'!$D$4:$D$100)+SUMIF('AvsD_M6'!$B$4:$B$100,B5,'AvsD_M6'!$D$4:$D$100)+SUMIF('BvsC_M1'!$B$4:$B$100,B5,'BvsC_M1'!$D$4:$D$100)+SUMIF('BvsC_M2'!$B$4:$B$100,B5,'BvsC_M2'!$D$4:$D$100)+SUMIF('BvsC_M3'!$B$4:$B$100,B5,'BvsC_M3'!$D$4:$D$100)+SUMIF('BvsC_M4'!$B$4:$B$100,B5,'BvsC_M4'!$D$4:$D$100)+SUMIF('BvsC_M5'!$B$4:$B$100,B5,'BvsC_M5'!$D$4:$D$100)+SUMIF('BvsC_M6'!$B$4:$B$100,B5,'BvsC_M6'!$D$4:$D$100) | F5: =SUMIF('AvsB_M1'!$B$4:$B$100,B5,'AvsB_M1'!$E$4:$E$100)+SUMIF('AvsB_M2'!$B$4:$B$100,B5,'AvsB_M2'!$E$4:$E$100)+SUMIF('AvsB_M3'!$B$4:$B$100,B5,'AvsB_M3'!$E$4:$E$100)+SUMIF('AvsB_M4'!$B$4:$B$100,B5,'AvsB_M4'!$E$4:$E$100)+SUMIF('AvsB_M5'!$B$4:$B$100,B5,'AvsB_M5'!$E$4:$E$100)+SUMIF('AvsB_M6'!$B$4:$B$100,B5,'AvsB_M6'!$E$4:$E$100)+SUMIF('CvsD_M1'!$B$4:$B$100,B5,'CvsD_M1'!$E$4:$E$100)+SUMIF('CvsD_M2'!$B$4:$B$100,B5,'CvsD_M2'!$E$4:$E$100)+SUMIF('CvsD_M3'!$B$4:$B$100,B5,'CvsD_M3'!$E$4:$E$100)+SUMIF('CvsD_M4'!$B$4:$B$100,B5,'CvsD_M4'!$E$4:$E$100)+SUMIF('CvsD_M5'!$B$4:$B$100,B5,'CvsD_M5'!$E$4:$E$100)+SUMIF('CvsD_M6'!$B$4:$B$100,B5,'CvsD_M6'!$E$4:$E$100)+SUMIF('AvsC_M1'!$B$4:$B$100,B5,'AvsC_M1'!$E$4:$E$100)+SUMIF('AvsC_M2'!$B$4:$B$100,B5,'AvsC_M2'!$E$4:$E$100)+SUMIF('AvsC_M3'!$B$4:$B$100,B5,'AvsC_M3'!$E$4:$E$100)+SUMIF('AvsC_M4'!$B$4:$B$100,B5,'AvsC_M4'!$E$4:$E$100)+SUMIF('AvsC_M5'!$B$4:$B$100,B5,'AvsC_M5'!$E$4:$E$100)+SUMIF('AvsC_M6'!$B$4:$B$100,B5,'AvsC_M6'!$E$4:$E$100)+SUMIF('BvsD_M1'!$B$4:$B$100,B5,'BvsD_M1'!$E$4:$E$100)+SUMIF('BvsD_M2'!$B$4:$B$100,B5,'BvsD_M2'!$E$4:$E$100)+SUMIF('BvsD_M3'!$B$4:$B$100,B5,'BvsD_M3'!$E$4:$E$100)+SUMIF('BvsD_M4'!$B$4:$B$100,B5,'BvsD_M4'!$E$4:$E$100)+SUMIF('BvsD_M5'!$B$4:$B$100,B5,'BvsD_M5'!$E$4:$E$100)+SUMIF('BvsD_M6'!$B$4:$B$100,B5,'BvsD_M6'!$E$4:$E$100)+SUMIF('AvsD_M1'!$B$4:$B$100,B5,'AvsD_M1'!$E$4:$E$100)+SUMIF('AvsD_M2'!$B$4:$B$100,B5,'AvsD_M2'!$E$4:$E$100)+SUMIF('AvsD_M3'!$B$4:$B$100,B5,'AvsD_M3'!$E$4:$E$100)+SUMIF('AvsD_M4'!$B$4:$B$100,B5,'AvsD_M4'!$E$4:$E$100)+SUMIF('AvsD_M5'!$B$4:$B$100,B5,'AvsD_M5'!$E$4:$E$100)+SUMIF('AvsD_M6'!$B$4:$B$100,B5,'AvsD_M6'!$E$4:$E$100)+SUMIF('BvsC_M1'!$B$4:$B$100,B5,'BvsC_M1'!$E$4:$E$100)+SUMIF('BvsC_M2'!$B$4:$B$100,B5,'BvsC_M2'!$E$4:$E$100)+SUMIF('BvsC_M3'!$B$4:$B$100,B5,'BvsC_M3'!$E$4:$E$100)+SUMIF('BvsC_M4'!$B$4:$B$100,B5,'BvsC_M4'!$E$4:$E$100)+SUMIF('BvsC_M5'!$B$4:$B$100,B5,'BvsC_M5'!$E$4:$E$100)+SUMIF('BvsC_M6'!$B$4:$B$100,B5,'BvsC_M6'!$E$4:$E$100) | G5: =SUMIF('AvsB_M1'!$B$4:$B$100,B5,'AvsB_M1'!$F$4:$F$100)+SUMIF('AvsB_M2'!$B$4:$B$100,B5,'AvsB_M2'!$F$4:$F$100)+SUMIF('AvsB_M3'!$B$4:$B$100,B5,'AvsB_M3'!$F$4:$F$100)+SUMIF('AvsB_M4'!$B$4:$B$100,B5,'AvsB_M4'!$F$4:$F$100)+SUMIF('AvsB_M5'!$B$4:$B$100,B5,'AvsB_M5'!$F$4:$F$100)+SUMIF('AvsB_M6'!$B$4:$B$100,B5,'AvsB_M6'!$F$4:$F$100)+SUMIF('CvsD_M1'!$B$4:$B$100,B5,'CvsD_M1'!$F$4:$F$100)+SUMIF('CvsD_M2'!$B$4:$B$100,B5,'CvsD_M2'!$F$4:$F$100)+SUMIF('CvsD_M3'!$B$4:$B$100,B5,'CvsD_M3'!$F$4:$F$100)+SUMIF('CvsD_M4'!$B$4:$B$100,B5,'CvsD_M4'!$F$4:$F$100)+SUMIF('CvsD_M5'!$B$4:$B$100,B5,'CvsD_M5'!$F$4:$F$100)+SUMIF('CvsD_M6'!$B$4:$B$100,B5,'CvsD_M6'!$F$4:$F$100)+SUMIF('AvsC_M1'!$B$4:$B$100,B5,'AvsC_M1'!$F$4:$F$100)+SUMIF('AvsC_M2'!$B$4:$B$100,B5,'AvsC_M2'!$F$4:$F$100)+SUMIF('AvsC_M3'!$B$4:$B$100,B5,'AvsC_M3'!$F$4:$F$100)+SUMIF('AvsC_M4'!$B$4:$B$100,B5,'AvsC_M4'!$F$4:$F$100)+SUMIF('AvsC_M5'!$B$4:$B$100,B5,'AvsC_M5'!$F$4:$F$100)+SUMIF('AvsC_M6'!$B$4:$B$100,B5,'AvsC_M6'!$F$4:$F$100)+SUMIF('BvsD_M1'!$B$4:$B$100,B5,'BvsD_M1'!$F$4:$F$100)+SUMIF('BvsD_M2'!$B$4:$B$100,B5,'BvsD_M2'!$F$4:$F$100)+SUMIF('BvsD_M3'!$B$4:$B$100,B5,'BvsD_M3'!$F$4:$F$100)+SUMIF('BvsD_M4'!$B$4:$B$100,B5,'BvsD_M4'!$F$4:$F$100)+SUMIF('BvsD_M5'!$B$4:$B$100,B5,'BvsD_M5'!$F$4:$F$100)+SUMIF('BvsD_M6'!$B$4:$B$100,B5,'BvsD_M6'!$F$4:$F$100)+SUMIF('AvsD_M1'!$B$4:$B$100,B5,'AvsD_M1'!$F$4:$F$100)+SUMIF('AvsD_M2'!$B$4:$B$100,B5,'AvsD_M2'!$F$4:$F$100)+SUMIF('AvsD_M3'!$B$4:$B$100,B5,'AvsD_M3'!$F$4:$F$100)+SUMIF('AvsD_M4'!$B$4:$B$100,B5,'AvsD_M4'!$F$4:$F$100)+SUMIF('AvsD_M5'!$B$4:$B$100,B5,'AvsD_M5'!$F$4:$F$100)+SUMIF('AvsD_M6'!$B$4:$B$100,B5,'AvsD_M6'!$F$4:$F$100)+SUMIF('BvsC_M1'!$B$4:$B$100,B5,'BvsC_M1'!$F$4:$F$100)+SUMIF('BvsC_M2'!$B$4:$B$100,B5,'BvsC_M2'!$F$4:$F$100)+SUMIF('BvsC_M3'!$B$4:$B$100,B5,'BvsC_M3'!$F$4:$F$100)+SUMIF('BvsC_M4'!$B$4:$B$100,B5,'BvsC_M4'!$F$4:$F$100)+SUMIF('BvsC_M5'!$B$4:$B$100,B5,'BvsC_M5'!$F$4:$F$100)+SUMIF('BvsC_M6'!$B$4:$B$100,B5,'BvsC_M6'!$F$4:$F$100) | H5: =SUMIF('AvsB_M1'!$B$4:$B$100,B5,'AvsB_M1'!$G$4:$G$100)+SUMIF('AvsB_M2'!$B$4:$B$100,B5,'AvsB_M2'!$G$4:$G$100)+SUMIF('AvsB_M3'!$B$4:$B$100,B5,'AvsB_M3'!$G$4:$G$100)+SUMIF('AvsB_M4'!$B$4:$B$100,B5,'AvsB_M4'!$G$4:$G$100)+SUMIF('AvsB_M5'!$B$4:$B$100,B5,'AvsB_M5'!$G$4:$G$100)+SUMIF('AvsB_M6'!$B$4:$B$100,B5,'AvsB_M6'!$G$4:$G$100)+SUMIF('CvsD_M1'!$B$4:$B$100,B5,'CvsD_M1'!$G$4:$G$100)+SUMIF('CvsD_M2'!$B$4:$B$100,B5,'CvsD_M2'!$G$4:$G$100)+SUMIF('CvsD_M3'!$B$4:$B$100,B5,'CvsD_M3'!$G$4:$G$100)+SUMIF('CvsD_M4'!$B$4:$B$100,B5,'CvsD_M4'!$G$4:$G$100)+SUMIF('CvsD_M5'!$B$4:$B$100,B5,'CvsD_M5'!$G$4:$G$100)+SUMIF('CvsD_M6'!$B$4:$B$100,B5,'CvsD_M6'!$G$4:$G$100)+SUMIF('AvsC_M1'!$B$4:$B$100,B5,'AvsC_M1'!$G$4:$G$100)+SUMIF('AvsC_M2'!$B$4:$B$100,B5,'AvsC_M2'!$G$4:$G$100)+SUMIF('AvsC_M3'!$B$4:$B$100,B5,'AvsC_M3'!$G$4:$G$100)+SUMIF('AvsC_M4'!$B$4:$B$100,B5,'AvsC_M4'!$G$4:$G$100)+SUMIF('AvsC_M5'!$B$4:$B$100,B5,'AvsC_M5'!$G$4:$G$100)+SUMIF('AvsC_M6'!$B$4:$B$100,B5,'AvsC_M6'!$G$4:$G$100)+SUMIF('BvsD_M1'!$B$4:$B$100,B5,'BvsD_M1'!$G$4:$G$100)+SUMIF('BvsD_M2'!$B$4:$B$100,B5,'BvsD_M2'!$G$4:$G$100)+SUMIF('BvsD_M3'!$B$4:$B$100,B5,'BvsD_M3'!$G$4:$G$100)+SUMIF('BvsD_M4'!$B$4:$B$100,B5,'BvsD_M4'!$G$4:$G$100)+SUMIF('BvsD_M5'!$B$4:$B$100,B5,'BvsD_M5'!$G$4:$G$100)+SUMIF('BvsD_M6'!$B$4:$B$100,B5,'BvsD_M6'!$G$4:$G$100)+SUMIF('AvsD_M1'!$B$4:$B$100,B5,'AvsD_M1'!$G$4:$G$100)+SUMIF('AvsD_M2'!$B$4:$B$100,B5,'AvsD_M2'!$G$4:$G$100)+SUMIF('AvsD_M3'!$B$4:$B$100,B5,'AvsD_M3'!$G$4:$G$100)+SUMIF('AvsD_M4'!$B$4:$B$100,B5,'AvsD_M4'!$G$4:$G$100)+SUMIF('AvsD_M5'!$B$4:$B$100,B5,'AvsD_M5'!$G$4:$G$100)+SUMIF('AvsD_M6'!$B$4:$B$100,B5,'AvsD_M6'!$G$4:$G$100)+SUMIF('BvsC_M1'!$B$4:$B$100,B5,'BvsC_M1'!$G$4:$G$100)+SUMIF('BvsC_M2'!$B$4:$B$100,B5,'BvsC_M2'!$G$4:$G$100)+SUMIF('BvsC_M3'!$B$4:$B$100,B5,'BvsC_M3'!$G$4:$G$100)+SUMIF('BvsC_M4'!$B$4:$B$100,B5,'BvsC_M4'!$G$4:$G$100)+SUMIF('BvsC_M5'!$B$4:$B$100,B5,'BvsC_M5'!$G$4:$G$100)+SUMIF('BvsC_M6'!$B$4:$B$100,B5,'BvsC_M6'!$G$4:$G$100) | I5: =SUMIF('AvsB_M1'!$B$4:$B$100,B5,'AvsB_M1'!$H$4:$H$100)+SUMIF('AvsB_M2'!$B$4:$B$100,B5,'AvsB_M2'!$H$4:$H$100)+SUMIF('AvsB_M3'!$B$4:$B$100,B5,'AvsB_M3'!$H$4:$H$100)+SUMIF('AvsB_M4'!$B$4:$B$100,B5,'AvsB_M4'!$H$4:$H$100)+SUMIF('AvsB_M5'!$B$4:$B$100,B5,'AvsB_M5'!$H$4:$H$100)+SUMIF('AvsB_M6'!$B$4:$B$100,B5,'AvsB_M6'!$H$4:$H$100)+SUMIF('CvsD_M1'!$B$4:$B$100,B5,'CvsD_M1'!$H$4:$H$100)+SUMIF('CvsD_M2'!$B$4:$B$100,B5,'CvsD_M2'!$H$4:$H$100)+SUMIF('CvsD_M3'!$B$4:$B$100,B5,'CvsD_M3'!$H$4:$H$100)+SUMIF('CvsD_M4'!$B$4:$B$100,B5,'CvsD_M4'!$H$4:$H$100)+SUMIF('CvsD_M5'!$B$4:$B$100,B5,'CvsD_M5'!$H$4:$H$100)+SUMIF('CvsD_M6'!$B$4:$B$100,B5,'CvsD_M6'!$H$4:$H$100)+SUMIF('AvsC_M1'!$B$4:$B$100,B5,'AvsC_M1'!$H$4:$H$100)+SUMIF('AvsC_M2'!$B$4:$B$100,B5,'AvsC_M2'!$H$4:$H$100)+SUMIF('AvsC_M3'!$B$4:$B$100,B5,'AvsC_M3'!$H$4:$H$100)+SUMIF('AvsC_M4'!$B$4:$B$100,B5,'AvsC_M4'!$H$4:$H$100)+SUMIF('AvsC_M5'!$B$4:$B$100,B5,'AvsC_M5'!$H$4:$H$100)+SUMIF('AvsC_M6'!$B$4:$B$100,B5,'AvsC_M6'!$H$4:$H$100)+SUMIF('BvsD_M1'!$B$4:$B$100,B5,'BvsD_M1'!$H$4:$H$100)+SUMIF('BvsD_M2'!$B$4:$B$100,B5,'BvsD_M2'!$H$4:$H$100)+SUMIF('BvsD_M3'!$B$4:$B$100,B5,'BvsD_M3'!$H$4:$H$100)+SUMIF('BvsD_M4'!$B$4:$B$100,B5,'BvsD_M4'!$H$4:$H$100)+SUMIF('BvsD_M5'!$B$4:$B$100,B5,'BvsD_M5'!$H$4:$H$100)+SUMIF('BvsD_M6'!$B$4:$B$100,B5,'BvsD_M6'!$H$4:$H$100)+SUMIF('AvsD_M1'!$B$4:$B$100,B5,'AvsD_M1'!$H$4:$H$100)+SUMIF('AvsD_M2'!$B$4:$B$100,B5,'AvsD_M2'!$H$4:$H$100)+SUMIF('AvsD_M3'!$B$4:$B$100,B5,'AvsD_M3'!$H$4:$H$100)+SUMIF('AvsD_M4'!$B$4:$B$100,B5,'AvsD_M4'!$H$4:$H$100)+SUMIF('AvsD_M5'!$B$4:$B$100,B5,'AvsD_M5'!$H$4:$H$100)+SUMIF('AvsD_M6'!$B$4:$B$100,B5,'AvsD_M6'!$H$4:$H$100)+SUMIF('BvsC_M1'!$B$4:$B$100,B5,'BvsC_M1'!$H$4:$H$100)+SUMIF('BvsC_M2'!$B$4:$B$100,B5,'BvsC_M2'!$H$4:$H$100)+SUMIF('BvsC_M3'!$B$4:$B$100,B5,'BvsC_M3'!$H$4:$H$100)+SUMIF('BvsC_M4'!$B$4:$B$100,B5,'BvsC_M4'!$H$4:$H$100)+SUMIF('BvsC_M5'!$B$4:$B$100,B5,'BvsC_M5'!$H$4:$H$100)+SUMIF('BvsC_M6'!$B$4:$B$100,B5,'BvsC_M6'!$H$4:$H$100) | J5: =SUMIF('AvsB_M1'!$B$4:$B$100,B5,'AvsB_M1'!$I$4:$I$100)+SUMIF('AvsB_M2'!$B$4:$B$100,B5,'AvsB_M2'!$I$4:$I$100)+SUMIF('AvsB_M3'!$B$4:$B$100,B5,'AvsB_M3'!$I$4:$I$100)+SUMIF('AvsB_M4'!$B$4:$B$100,B5,'AvsB_M4'!$I$4:$I$100)+SUMIF('AvsB_M5'!$B$4:$B$100,B5,'AvsB_M5'!$I$4:$I$100)+SUMIF('AvsB_M6'!$B$4:$B$100,B5,'AvsB_M6'!$I$4:$I$100)+SUMIF('CvsD_M1'!$B$4:$B$100,B5,'CvsD_M1'!$I$4:$I$100)+SUMIF('CvsD_M2'!$B$4:$B$100,B5,'CvsD_M2'!$I$4:$I$100)+SUMIF('CvsD_M3'!$B$4:$B$100,B5,'CvsD_M3'!$I$4:$I$100)+SUMIF('CvsD_M4'!$B$4:$B$100,B5,'CvsD_M4'!$I$4:$I$100)+SUMIF('CvsD_M5'!$B$4:$B$100,B5,'CvsD_M5'!$I$4:$I$100)+SUMIF('CvsD_M6'!$B$4:$B$100,B5,'CvsD_M6'!$I$4:$I$100)+SUMIF('AvsC_M1'!$B$4:$B$100,B5,'AvsC_M1'!$I$4:$I$100)+SUMIF('AvsC_M2'!$B$4:$B$100,B5,'AvsC_M2'!$I$4:$I$100)+SUMIF('AvsC_M3'!$B$4:$B$100,B5,'AvsC_M3'!$I$4:$I$100)+SUMIF('AvsC_M4'!$B$4:$B$100,B5,'AvsC_M4'!$I$4:$I$100)+SUMIF('AvsC_M5'!$B$4:$B$100,B5,'AvsC_M5'!$I$4:$I$100)+SUMIF('AvsC_M6'!$B$4:$B$100,B5,'AvsC_M6'!$I$4:$I$100)+SUMIF('BvsD_M1'!$B$4:$B$100,B5,'BvsD_M1'!$I$4:$I$100)+SUMIF('BvsD_M2'!$B$4:$B$100,B5,'BvsD_M2'!$I$4:$I$100)+SUMIF('BvsD_M3'!$B$4:$B$100,B5,'BvsD_M3'!$I$4:$I$100)+SUMIF('BvsD_M4'!$B$4:$B$100,B5,'BvsD_M4'!$I$4:$I$100)+SUMIF('BvsD_M5'!$B$4:$B$100,B5,'BvsD_M5'!$I$4:$I$100)+SUMIF('BvsD_M6'!$B$4:$B$100,B5,'BvsD_M6'!$I$4:$I$100)+SUMIF('AvsD_M1'!$B$4:$B$100,B5,'AvsD_M1'!$I$4:$I$100)+SUMIF('AvsD_M2'!$B$4:$B$100,B5,'AvsD_M2'!$I$4:$I$100)+SUMIF('AvsD_M3'!$B$4:$B$100,B5,'AvsD_M3'!$I$4:$I$100)+SUMIF('AvsD_M4'!$B$4:$B$100,B5,'AvsD_M4'!$I$4:$I$100)+SUMIF('AvsD_M5'!$B$4:$B$100,B5,'AvsD_M5'!$I$4:$I$100)+SUMIF('AvsD_M6'!$B$4:$B$100,B5,'AvsD_M6'!$I$4:$I$100)+SUMIF('BvsC_M1'!$B$4:$B$100,B5,'BvsC_M1'!$I$4:$I$100)+SUMIF('BvsC_M2'!$B$4:$B$100,B5,'BvsC_M2'!$I$4:$I$100)+SUMIF('BvsC_M3'!$B$4:$B$100,B5,'BvsC_M3'!$I$4:$I$100)+SUMIF('BvsC_M4'!$B$4:$B$100,B5,'BvsC_M4'!$I$4:$I$100)+SUMIF('BvsC_M5'!$B$4:$B$100,B5,'BvsC_M5'!$I$4:$I$100)+SUMIF('BvsC_M6'!$B$4:$B$100,B5,'BvsC_M6'!$I$4:$I$100)
A6: 3 | B6: CITY TIGERS X | C6: =COUNTIF('AvsB_M1'!$B$4:$B$100,B6)+COUNTIF('AvsB_M2'!$B$4:$B$100,B6)+COUNTIF('AvsB_M3'!$B$4:$B$100,B6)+COUNTIF('AvsB_M4'!$B$4:$B$100,B6)+COUNTIF('AvsB_M5'!$B$4:$B$100,B6)+COUNTIF('AvsB_M6'!$B$4:$B$100,B6)+COUNTIF('CvsD_M1'!$B$4:$B$100,B6)+COUNTIF('CvsD_M2'!$B$4:$B$100,B6)+COUNTIF('CvsD_M3'!$B$4:$B$100,B6)+COUNTIF('CvsD_M4'!$B$4:$B$100,B6)+COUNTIF('CvsD_M5'!$B$4:$B$100,B6)+COUNTIF('CvsD_M6'!$B$4:$B$100,B6)+COUNTIF('AvsC_M1'!$B$4:$B$100,B6)+COUNTIF('AvsC_M2'!$B$4:$B$100,B6)+COUNTIF('AvsC_M3'!$B$4:$B$100,B6)+COUNTIF('AvsC_M4'!$B$4:$B$100,B6)+COUNTIF('AvsC_M5'!$B$4:$B$100,B6)+COUNTIF('AvsC_M6'!$B$4:$B$100,B6)+COUNTIF('BvsD_M1'!$B$4:$B$100,B6)+COUNTIF('BvsD_M2'!$B$4:$B$100,B6)+COUNTIF('BvsD_M3'!$B$4:$B$100,B6)+COUNTIF('BvsD_M4'!$B$4:$B$100,B6)+COUNTIF('BvsD_M5'!$B$4:$B$100,B6)+COUNTIF('BvsD_M6'!$B$4:$B$100,B6)+COUNTIF('AvsD_M1'!$B$4:$B$100,B6)+COUNTIF('AvsD_M2'!$B$4:$B$100,B6)+COUNTIF('AvsD_M3'!$B$4:$B$100,B6)+COUNTIF('AvsD_M4'!$B$4:$B$100,B6)+COUNTIF('AvsD_M5'!$B$4:$B$100,B6)+COUNTIF('AvsD_M6'!$B$4:$B$100,B6)+COUNTIF('BvsC_M1'!$B$4:$B$100,B6)+COUNTIF('BvsC_M2'!$B$4:$B$100,B6)+COUNTIF('BvsC_M3'!$B$4:$B$100,B6)+COUNTIF('BvsC_M4'!$B$4:$B$100,B6)+COUNTIF('BvsC_M5'!$B$4:$B$100,B6)+COUNTIF('BvsC_M6'!$B$4:$B$100,B6) | D6: =SUMIF('AvsB_M1'!$B$4:$B$100,B6,'AvsB_M1'!$C$4:$C$100)+SUMIF('AvsB_M2'!$B$4:$B$100,B6,'AvsB_M2'!$C$4:$C$100)+SUMIF('AvsB_M3'!$B$4:$B$100,B6,'AvsB_M3'!$C$4:$C$100)+SUMIF('AvsB_M4'!$B$4:$B$100,B6,'AvsB_M4'!$C$4:$C$100)+SUMIF('AvsB_M5'!$B$4:$B$100,B6,'AvsB_M5'!$C$4:$C$100)+SUMIF('AvsB_M6'!$B$4:$B$100,B6,'AvsB_M6'!$C$4:$C$100)+SUMIF('CvsD_M1'!$B$4:$B$100,B6,'CvsD_M1'!$C$4:$C$100)+SUMIF('CvsD_M2'!$B$4:$B$100,B6,'CvsD_M2'!$C$4:$C$100)+SUMIF('CvsD_M3'!$B$4:$B$100,B6,'CvsD_M3'!$C$4:$C$100)+SUMIF('CvsD_M4'!$B$4:$B$100,B6,'CvsD_M4'!$C$4:$C$100)+SUMIF('CvsD_M5'!$B$4:$B$100,B6,'CvsD_M5'!$C$4:$C$100)+SUMIF('CvsD_M6'!$B$4:$B$100,B6,'CvsD_M6'!$C$4:$C$100)+SUMIF('AvsC_M1'!$B$4:$B$100,B6,'AvsC_M1'!$C$4:$C$100)+SUMIF('AvsC_M2'!$B$4:$B$100,B6,'AvsC_M2'!$C$4:$C$100)+SUMIF('AvsC_M3'!$B$4:$B$100,B6,'AvsC_M3'!$C$4:$C$100)+SUMIF('AvsC_M4'!$B$4:$B$100,B6,'AvsC_M4'!$C$4:$C$100)+SUMIF('AvsC_M5'!$B$4:$B$100,B6,'AvsC_M5'!$C$4:$C$100)+SUMIF('AvsC_M6'!$B$4:$B$100,B6,'AvsC_M6'!$C$4:$C$100)+SUMIF('BvsD_M1'!$B$4:$B$100,B6,'BvsD_M1'!$C$4:$C$100)+SUMIF('BvsD_M2'!$B$4:$B$100,B6,'BvsD_M2'!$C$4:$C$100)+SUMIF('BvsD_M3'!$B$4:$B$100,B6,'BvsD_M3'!$C$4:$C$100)+SUMIF('BvsD_M4'!$B$4:$B$100,B6,'BvsD_M4'!$C$4:$C$100)+SUMIF('BvsD_M5'!$B$4:$B$100,B6,'BvsD_M5'!$C$4:$C$100)+SUMIF('BvsD_M6'!$B$4:$B$100,B6,'BvsD_M6'!$C$4:$C$100)+SUMIF('AvsD_M1'!$B$4:$B$100,B6,'AvsD_M1'!$C$4:$C$100)+SUMIF('AvsD_M2'!$B$4:$B$100,B6,'AvsD_M2'!$C$4:$C$100)+SUMIF('AvsD_M3'!$B$4:$B$100,B6,'AvsD_M3'!$C$4:$C$100)+SUMIF('AvsD_M4'!$B$4:$B$100,B6,'AvsD_M4'!$C$4:$C$100)+SUMIF('AvsD_M5'!$B$4:$B$100,B6,'AvsD_M5'!$C$4:$C$100)+SUMIF('AvsD_M6'!$B$4:$B$100,B6,'AvsD_M6'!$C$4:$C$100)+SUMIF('BvsC_M1'!$B$4:$B$100,B6,'BvsC_M1'!$C$4:$C$100)+SUMIF('BvsC_M2'!$B$4:$B$100,B6,'BvsC_M2'!$C$4:$C$100)+SUMIF('BvsC_M3'!$B$4:$B$100,B6,'BvsC_M3'!$C$4:$C$100)+SUMIF('BvsC_M4'!$B$4:$B$100,B6,'BvsC_M4'!$C$4:$C$100)+SUMIF('BvsC_M5'!$B$4:$B$100,B6,'BvsC_M5'!$C$4:$C$100)+SUMIF('BvsC_M6'!$B$4:$B$100,B6,'BvsC_M6'!$C$4:$C$100) | E6: =SUMIF('AvsB_M1'!$B$4:$B$100,B6,'AvsB_M1'!$D$4:$D$100)+SUMIF('AvsB_M2'!$B$4:$B$100,B6,'AvsB_M2'!$D$4:$D$100)+SUMIF('AvsB_M3'!$B$4:$B$100,B6,'AvsB_M3'!$D$4:$D$100)+SUMIF('AvsB_M4'!$B$4:$B$100,B6,'AvsB_M4'!$D$4:$D$100)+SUMIF('AvsB_M5'!$B$4:$B$100,B6,'AvsB_M5'!$D$4:$D$100)+SUMIF('AvsB_M6'!$B$4:$B$100,B6,'AvsB_M6'!$D$4:$D$100)+SUMIF('CvsD_M1'!$B$4:$B$100,B6,'CvsD_M1'!$D$4:$D$100)+SUMIF('CvsD_M2'!$B$4:$B$100,B6,'CvsD_M2'!$D$4:$D$100)+SUMIF('CvsD_M3'!$B$4:$B$100,B6,'CvsD_M3'!$D$4:$D$100)+SUMIF('CvsD_M4'!$B$4:$B$100,B6,'CvsD_M4'!$D$4:$D$100)+SUMIF('CvsD_M5'!$B$4:$B$100,B6,'CvsD_M5'!$D$4:$D$100)+SUMIF('CvsD_M6'!$B$4:$B$100,B6,'CvsD_M6'!$D$4:$D$100)+SUMIF('AvsC_M1'!$B$4:$B$100,B6,'AvsC_M1'!$D$4:$D$100)+SUMIF('AvsC_M2'!$B$4:$B$100,B6,'AvsC_M2'!$D$4:$D$100)+SUMIF('AvsC_M3'!$B$4:$B$100,B6,'AvsC_M3'!$D$4:$D$100)+SUMIF('AvsC_M4'!$B$4:$B$100,B6,'AvsC_M4'!$D$4:$D$100)+SUMIF('AvsC_M5'!$B$4:$B$100,B6,'AvsC_M5'!$D$4:$D$100)+SUMIF('AvsC_M6'!$B$4:$B$100,B6,'AvsC_M6'!$D$4:$D$100)+SUMIF('BvsD_M1'!$B$4:$B$100,B6,'BvsD_M1'!$D$4:$D$100)+SUMIF('BvsD_M2'!$B$4:$B$100,B6,'BvsD_M2'!$D$4:$D$100)+SUMIF('BvsD_M3'!$B$4:$B$100,B6,'BvsD_M3'!$D$4:$D$100)+SUMIF('BvsD_M4'!$B$4:$B$100,B6,'BvsD_M4'!$D$4:$D$100)+SUMIF('BvsD_M5'!$B$4:$B$100,B6,'BvsD_M5'!$D$4:$D$100)+SUMIF('BvsD_M6'!$B$4:$B$100,B6,'BvsD_M6'!$D$4:$D$100)+SUMIF('AvsD_M1'!$B$4:$B$100,B6,'AvsD_M1'!$D$4:$D$100)+SUMIF('AvsD_M2'!$B$4:$B$100,B6,'AvsD_M2'!$D$4:$D$100)+SUMIF('AvsD_M3'!$B$4:$B$100,B6,'AvsD_M3'!$D$4:$D$100)+SUMIF('AvsD_M4'!$B$4:$B$100,B6,'AvsD_M4'!$D$4:$D$100)+SUMIF('AvsD_M5'!$B$4:$B$100,B6,'AvsD_M5'!$D$4:$D$100)+SUMIF('AvsD_M6'!$B$4:$B$100,B6,'AvsD_M6'!$D$4:$D$100)+SUMIF('BvsC_M1'!$B$4:$B$100,B6,'BvsC_M1'!$D$4:$D$100)+SUMIF('BvsC_M2'!$B$4:$B$100,B6,'BvsC_M2'!$D$4:$D$100)+SUMIF('BvsC_M3'!$B$4:$B$100,B6,'BvsC_M3'!$D$4:$D$100)+SUMIF('BvsC_M4'!$B$4:$B$100,B6,'BvsC_M4'!$D$4:$D$100)+SUMIF('BvsC_M5'!$B$4:$B$100,B6,'BvsC_M5'!$D$4:$D$100)+SUMIF('BvsC_M6'!$B$4:$B$100,B6,'BvsC_M6'!$D$4:$D$100) | F6: =SUMIF('AvsB_M1'!$B$4:$B$100,B6,'AvsB_M1'!$E$4:$E$100)+SUMIF('AvsB_M2'!$B$4:$B$100,B6,'AvsB_M2'!$E$4:$E$100)+SUMIF('AvsB_M3'!$B$4:$B$100,B6,'AvsB_M3'!$E$4:$E$100)+SUMIF('AvsB_M4'!$B$4:$B$100,B6,'AvsB_M4'!$E$4:$E$100)+SUMIF('AvsB_M5'!$B$4:$B$100,B6,'AvsB_M5'!$E$4:$E$100)+SUMIF('AvsB_M6'!$B$4:$B$100,B6,'AvsB_M6'!$E$4:$E$100)+SUMIF('CvsD_M1'!$B$4:$B$100,B6,'CvsD_M1'!$E$4:$E$100)+SUMIF('CvsD_M2'!$B$4:$B$100,B6,'CvsD_M2'!$E$4:$E$100)+SUMIF('CvsD_M3'!$B$4:$B$100,B6,'CvsD_M3'!$E$4:$E$100)+SUMIF('CvsD_M4'!$B$4:$B$100,B6,'CvsD_M4'!$E$4:$E$100)+SUMIF('CvsD_M5'!$B$4:$B$100,B6,'CvsD_M5'!$E$4:$E$100)+SUMIF('CvsD_M6'!$B$4:$B$100,B6,'CvsD_M6'!$E$4:$E$100)+SUMIF('AvsC_M1'!$B$4:$B$100,B6,'AvsC_M1'!$E$4:$E$100)+SUMIF('AvsC_M2'!$B$4:$B$100,B6,'AvsC_M2'!$E$4:$E$100)+SUMIF('AvsC_M3'!$B$4:$B$100,B6,'AvsC_M3'!$E$4:$E$100)+SUMIF('AvsC_M4'!$B$4:$B$100,B6,'AvsC_M4'!$E$4:$E$100)+SUMIF('AvsC_M5'!$B$4:$B$100,B6,'AvsC_M5'!$E$4:$E$100)+SUMIF('AvsC_M6'!$B$4:$B$100,B6,'AvsC_M6'!$E$4:$E$100)+SUMIF('BvsD_M1'!$B$4:$B$100,B6,'BvsD_M1'!$E$4:$E$100)+SUMIF('BvsD_M2'!$B$4:$B$100,B6,'BvsD_M2'!$E$4:$E$100)+SUMIF('BvsD_M3'!$B$4:$B$100,B6,'BvsD_M3'!$E$4:$E$100)+SUMIF('BvsD_M4'!$B$4:$B$100,B6,'BvsD_M4'!$E$4:$E$100)+SUMIF('BvsD_M5'!$B$4:$B$100,B6,'BvsD_M5'!$E$4:$E$100)+SUMIF('BvsD_M6'!$B$4:$B$100,B6,'BvsD_M6'!$E$4:$E$100)+SUMIF('AvsD_M1'!$B$4:$B$100,B6,'AvsD_M1'!$E$4:$E$100)+SUMIF('AvsD_M2'!$B$4:$B$100,B6,'AvsD_M2'!$E$4:$E$100)+SUMIF('AvsD_M3'!$B$4:$B$100,B6,'AvsD_M3'!$E$4:$E$100)+SUMIF('AvsD_M4'!$B$4:$B$100,B6,'AvsD_M4'!$E$4:$E$100)+SUMIF('AvsD_M5'!$B$4:$B$100,B6,'AvsD_M5'!$E$4:$E$100)+SUMIF('AvsD_M6'!$B$4:$B$100,B6,'AvsD_M6'!$E$4:$E$100)+SUMIF('BvsC_M1'!$B$4:$B$100,B6,'BvsC_M1'!$E$4:$E$100)+SUMIF('BvsC_M2'!$B$4:$B$100,B6,'BvsC_M2'!$E$4:$E$100)+SUMIF('BvsC_M3'!$B$4:$B$100,B6,'BvsC_M3'!$E$4:$E$100)+SUMIF('BvsC_M4'!$B$4:$B$100,B6,'BvsC_M4'!$E$4:$E$100)+SUMIF('BvsC_M5'!$B$4:$B$100,B6,'BvsC_M5'!$E$4:$E$100)+SUMIF('BvsC_M6'!$B$4:$B$100,B6,'BvsC_M6'!$E$4:$E$100) | G6: =SUMIF('AvsB_M1'!$B$4:$B$100,B6,'AvsB_M1'!$F$4:$F$100)+SUMIF('AvsB_M2'!$B$4:$B$100,B6,'AvsB_M2'!$F$4:$F$100)+SUMIF('AvsB_M3'!$B$4:$B$100,B6,'AvsB_M3'!$F$4:$F$100)+SUMIF('AvsB_M4'!$B$4:$B$100,B6,'AvsB_M4'!$F$4:$F$100)+SUMIF('AvsB_M5'!$B$4:$B$100,B6,'AvsB_M5'!$F$4:$F$100)+SUMIF('AvsB_M6'!$B$4:$B$100,B6,'AvsB_M6'!$F$4:$F$100)+SUMIF('CvsD_M1'!$B$4:$B$100,B6,'CvsD_M1'!$F$4:$F$100)+SUMIF('CvsD_M2'!$B$4:$B$100,B6,'CvsD_M2'!$F$4:$F$100)+SUMIF('CvsD_M3'!$B$4:$B$100,B6,'CvsD_M3'!$F$4:$F$100)+SUMIF('CvsD_M4'!$B$4:$B$100,B6,'CvsD_M4'!$F$4:$F$100)+SUMIF('CvsD_M5'!$B$4:$B$100,B6,'CvsD_M5'!$F$4:$F$100)+SUMIF('CvsD_M6'!$B$4:$B$100,B6,'CvsD_M6'!$F$4:$F$100)+SUMIF('AvsC_M1'!$B$4:$B$100,B6,'AvsC_M1'!$F$4:$F$100)+SUMIF('AvsC_M2'!$B$4:$B$100,B6,'AvsC_M2'!$F$4:$F$100)+SUMIF('AvsC_M3'!$B$4:$B$100,B6,'AvsC_M3'!$F$4:$F$100)+SUMIF('AvsC_M4'!$B$4:$B$100,B6,'AvsC_M4'!$F$4:$F$100)+SUMIF('AvsC_M5'!$B$4:$B$100,B6,'AvsC_M5'!$F$4:$F$100)+SUMIF('AvsC_M6'!$B$4:$B$100,B6,'AvsC_M6'!$F$4:$F$100)+SUMIF('BvsD_M1'!$B$4:$B$100,B6,'BvsD_M1'!$F$4:$F$100)+SUMIF('BvsD_M2'!$B$4:$B$100,B6,'BvsD_M2'!$F$4:$F$100)+SUMIF('BvsD_M3'!$B$4:$B$100,B6,'BvsD_M3'!$F$4:$F$100)+SUMIF('BvsD_M4'!$B$4:$B$100,B6,'BvsD_M4'!$F$4:$F$100)+SUMIF('BvsD_M5'!$B$4:$B$100,B6,'BvsD_M5'!$F$4:$F$100)+SUMIF('BvsD_M6'!$B$4:$B$100,B6,'BvsD_M6'!$F$4:$F$100)+SUMIF('AvsD_M1'!$B$4:$B$100,B6,'AvsD_M1'!$F$4:$F$100)+SUMIF('AvsD_M2'!$B$4:$B$100,B6,'AvsD_M2'!$F$4:$F$100)+SUMIF('AvsD_M3'!$B$4:$B$100,B6,'AvsD_M3'!$F$4:$F$100)+SUMIF('AvsD_M4'!$B$4:$B$100,B6,'AvsD_M4'!$F$4:$F$100)+SUMIF('AvsD_M5'!$B$4:$B$100,B6,'AvsD_M5'!$F$4:$F$100)+SUMIF('AvsD_M6'!$B$4:$B$100,B6,'AvsD_M6'!$F$4:$F$100)+SUMIF('BvsC_M1'!$B$4:$B$100,B6,'BvsC_M1'!$F$4:$F$100)+SUMIF('BvsC_M2'!$B$4:$B$100,B6,'BvsC_M2'!$F$4:$F$100)+SUMIF('BvsC_M3'!$B$4:$B$100,B6,'BvsC_M3'!$F$4:$F$100)+SUMIF('BvsC_M4'!$B$4:$B$100,B6,'BvsC_M4'!$F$4:$F$100)+SUMIF('BvsC_M5'!$B$4:$B$100,B6,'BvsC_M5'!$F$4:$F$100)+SUMIF('BvsC_M6'!$B$4:$B$100,B6,'BvsC_M6'!$F$4:$F$100) | H6: =SUMIF('AvsB_M1'!$B$4:$B$100,B6,'AvsB_M1'!$G$4:$G$100)+SUMIF('AvsB_M2'!$B$4:$B$100,B6,'AvsB_M2'!$G$4:$G$100)+SUMIF('AvsB_M3'!$B$4:$B$100,B6,'AvsB_M3'!$G$4:$G$100)+SUMIF('AvsB_M4'!$B$4:$B$100,B6,'AvsB_M4'!$G$4:$G$100)+SUMIF('AvsB_M5'!$B$4:$B$100,B6,'AvsB_M5'!$G$4:$G$100)+SUMIF('AvsB_M6'!$B$4:$B$100,B6,'AvsB_M6'!$G$4:$G$100)+SUMIF('CvsD_M1'!$B$4:$B$100,B6,'CvsD_M1'!$G$4:$G$100)+SUMIF('CvsD_M2'!$B$4:$B$100,B6,'CvsD_M2'!$G$4:$G$100)+SUMIF('CvsD_M3'!$B$4:$B$100,B6,'CvsD_M3'!$G$4:$G$100)+SUMIF('CvsD_M4'!$B$4:$B$100,B6,'CvsD_M4'!$G$4:$G$100)+SUMIF('CvsD_M5'!$B$4:$B$100,B6,'CvsD_M5'!$G$4:$G$100)+SUMIF('CvsD_M6'!$B$4:$B$100,B6,'CvsD_M6'!$G$4:$G$100)+SUMIF('AvsC_M1'!$B$4:$B$100,B6,'AvsC_M1'!$G$4:$G$100)+SUMIF('AvsC_M2'!$B$4:$B$100,B6,'AvsC_M2'!$G$4:$G$100)+SUMIF('AvsC_M3'!$B$4:$B$100,B6,'AvsC_M3'!$G$4:$G$100)+SUMIF('AvsC_M4'!$B$4:$B$100,B6,'AvsC_M4'!$G$4:$G$100)+SUMIF('AvsC_M5'!$B$4:$B$100,B6,'AvsC_M5'!$G$4:$G$100)+SUMIF('AvsC_M6'!$B$4:$B$100,B6,'AvsC_M6'!$G$4:$G$100)+SUMIF('BvsD_M1'!$B$4:$B$100,B6,'BvsD_M1'!$G$4:$G$100)+SUMIF('BvsD_M2'!$B$4:$B$100,B6,'BvsD_M2'!$G$4:$G$100)+SUMIF('BvsD_M3'!$B$4:$B$100,B6,'BvsD_M3'!$G$4:$G$100)+SUMIF('BvsD_M4'!$B$4:$B$100,B6,'BvsD_M4'!$G$4:$G$100)+SUMIF('BvsD_M5'!$B$4:$B$100,B6,'BvsD_M5'!$G$4:$G$100)+SUMIF('BvsD_M6'!$B$4:$B$100,B6,'BvsD_M6'!$G$4:$G$100)+SUMIF('AvsD_M1'!$B$4:$B$100,B6,'AvsD_M1'!$G$4:$G$100)+SUMIF('AvsD_M2'!$B$4:$B$100,B6,'AvsD_M2'!$G$4:$G$100)+SUMIF('AvsD_M3'!$B$4:$B$100,B6,'AvsD_M3'!$G$4:$G$100)+SUMIF('AvsD_M4'!$B$4:$B$100,B6,'AvsD_M4'!$G$4:$G$100)+SUMIF('AvsD_M5'!$B$4:$B$100,B6,'AvsD_M5'!$G$4:$G$100)+SUMIF('AvsD_M6'!$B$4:$B$100,B6,'AvsD_M6'!$G$4:$G$100)+SUMIF('BvsC_M1'!$B$4:$B$100,B6,'BvsC_M1'!$G$4:$G$100)+SUMIF('BvsC_M2'!$B$4:$B$100,B6,'BvsC_M2'!$G$4:$G$100)+SUMIF('BvsC_M3'!$B$4:$B$100,B6,'BvsC_M3'!$G$4:$G$100)+SUMIF('BvsC_M4'!$B$4:$B$100,B6,'BvsC_M4'!$G$4:$G$100)+SUMIF('BvsC_M5'!$B$4:$B$100,B6,'BvsC_M5'!$G$4:$G$100)+SUMIF('BvsC_M6'!$B$4:$B$100,B6,'BvsC_M6'!$G$4:$G$100) | I6: =SUMIF('AvsB_M1'!$B$4:$B$100,B6,'AvsB_M1'!$H$4:$H$100)+SUMIF('AvsB_M2'!$B$4:$B$100,B6,'AvsB_M2'!$H$4:$H$100)+SUMIF('AvsB_M3'!$B$4:$B$100,B6,'AvsB_M3'!$H$4:$H$100)+SUMIF('AvsB_M4'!$B$4:$B$100,B6,'AvsB_M4'!$H$4:$H$100)+SUMIF('AvsB_M5'!$B$4:$B$100,B6,'AvsB_M5'!$H$4:$H$100)+SUMIF('AvsB_M6'!$B$4:$B$100,B6,'AvsB_M6'!$H$4:$H$100)+SUMIF('CvsD_M1'!$B$4:$B$100,B6,'CvsD_M1'!$H$4:$H$100)+SUMIF('CvsD_M2'!$B$4:$B$100,B6,'CvsD_M2'!$H$4:$H$100)+SUMIF('CvsD_M3'!$B$4:$B$100,B6,'CvsD_M3'!$H$4:$H$100)+SUMIF('CvsD_M4'!$B$4:$B$100,B6,'CvsD_M4'!$H$4:$H$100)+SUMIF('CvsD_M5'!$B$4:$B$100,B6,'CvsD_M5'!$H$4:$H$100)+SUMIF('CvsD_M6'!$B$4:$B$100,B6,'CvsD_M6'!$H$4:$H$100)+SUMIF('AvsC_M1'!$B$4:$B$100,B6,'AvsC_M1'!$H$4:$H$100)+SUMIF('AvsC_M2'!$B$4:$B$100,B6,'AvsC_M2'!$H$4:$H$100)+SUMIF('AvsC_M3'!$B$4:$B$100,B6,'AvsC_M3'!$H$4:$H$100)+SUMIF('AvsC_M4'!$B$4:$B$100,B6,'AvsC_M4'!$H$4:$H$100)+SUMIF('AvsC_M5'!$B$4:$B$100,B6,'AvsC_M5'!$H$4:$H$100)+SUMIF('AvsC_M6'!$B$4:$B$100,B6,'AvsC_M6'!$H$4:$H$100)+SUMIF('BvsD_M1'!$B$4:$B$100,B6,'BvsD_M1'!$H$4:$H$100)+SUMIF('BvsD_M2'!$B$4:$B$100,B6,'BvsD_M2'!$H$4:$H$100)+SUMIF('BvsD_M3'!$B$4:$B$100,B6,'BvsD_M3'!$H$4:$H$100)+SUMIF('BvsD_M4'!$B$4:$B$100,B6,'BvsD_M4'!$H$4:$H$100)+SUMIF('BvsD_M5'!$B$4:$B$100,B6,'BvsD_M5'!$H$4:$H$100)+SUMIF('BvsD_M6'!$B$4:$B$100,B6,'BvsD_M6'!$H$4:$H$100)+SUMIF('AvsD_M1'!$B$4:$B$100,B6,'AvsD_M1'!$H$4:$H$100)+SUMIF('AvsD_M2'!$B$4:$B$100,B6,'AvsD_M2'!$H$4:$H$100)+SUMIF('AvsD_M3'!$B$4:$B$100,B6,'AvsD_M3'!$H$4:$H$100)+SUMIF('AvsD_M4'!$B$4:$B$100,B6,'AvsD_M4'!$H$4:$H$100)+SUMIF('AvsD_M5'!$B$4:$B$100,B6,'AvsD_M5'!$H$4:$H$100)+SUMIF('AvsD_M6'!$B$4:$B$100,B6,'AvsD_M6'!$H$4:$H$100)+SUMIF('BvsC_M1'!$B$4:$B$100,B6,'BvsC_M1'!$H$4:$H$100)+SUMIF('BvsC_M2'!$B$4:$B$100,B6,'BvsC_M2'!$H$4:$H$100)+SUMIF('BvsC_M3'!$B$4:$B$100,B6,'BvsC_M3'!$H$4:$H$100)+SUMIF('BvsC_M4'!$B$4:$B$100,B6,'BvsC_M4'!$H$4:$H$100)+SUMIF('BvsC_M5'!$B$4:$B$100,B6,'BvsC_M5'!$H$4:$H$100)+SUMIF('BvsC_M6'!$B$4:$B$100,B6,'BvsC_M6'!$H$4:$H$100) | J6: =SUMIF('AvsB_M1'!$B$4:$B$100,B6,'AvsB_M1'!$I$4:$I$100)+SUMIF('AvsB_M2'!$B$4:$B$100,B6,'AvsB_M2'!$I$4:$I$100)+SUMIF('AvsB_M3'!$B$4:$B$100,B6,'AvsB_M3'!$I$4:$I$100)+SUMIF('AvsB_M4'!$B$4:$B$100,B6,'AvsB_M4'!$I$4:$I$100)+SUMIF('AvsB_M5'!$B$4:$B$100,B6,'AvsB_M5'!$I$4:$I$100)+SUMIF('AvsB_M6'!$B$4:$B$100,B6,'AvsB_M6'!$I$4:$I$100)+SUMIF('CvsD_M1'!$B$4:$B$100,B6,'CvsD_M1'!$I$4:$I$100)+SUMIF('CvsD_M2'!$B$4:$B$100,B6,'CvsD_M2'!$I$4:$I$100)+SUMIF('CvsD_M3'!$B$4:$B$100,B6,'CvsD_M3'!$I$4:$I$100)+SUMIF('CvsD_M4'!$B$4:$B$100,B6,'CvsD_M4'!$I$4:$I$100)+SUMIF('CvsD_M5'!$B$4:$B$100,B6,'CvsD_M5'!$I$4:$I$100)+SUMIF('CvsD_M6'!$B$4:$B$100,B6,'CvsD_M6'!$I$4:$I$100)+SUMIF('AvsC_M1'!$B$4:$B$100,B6,'AvsC_M1'!$I$4:$I$100)+SUMIF('AvsC_M2'!$B$4:$B$100,B6,'AvsC_M2'!$I$4:$I$100)+SUMIF('AvsC_M3'!$B$4:$B$100,B6,'AvsC_M3'!$I$4:$I$100)+SUMIF('AvsC_M4'!$B$4:$B$100,B6,'AvsC_M4'!$I$4:$I$100)+SUMIF('AvsC_M5'!$B$4:$B$100,B6,'AvsC_M5'!$I$4:$I$100)+SUMIF('AvsC_M6'!$B$4:$B$100,B6,'AvsC_M6'!$I$4:$I$100)+SUMIF('BvsD_M1'!$B$4:$B$100,B6,'BvsD_M1'!$I$4:$I$100)+SUMIF('BvsD_M2'!$B$4:$B$100,B6,'BvsD_M2'!$I$4:$I$100)+SUMIF('BvsD_M3'!$B$4:$B$100,B6,'BvsD_M3'!$I$4:$I$100)+SUMIF('BvsD_M4'!$B$4:$B$100,B6,'BvsD_M4'!$I$4:$I$100)+SUMIF('BvsD_M5'!$B$4:$B$100,B6,'BvsD_M5'!$I$4:$I$100)+SUMIF('BvsD_M6'!$B$4:$B$100,B6,'BvsD_M6'!$I$4:$I$100)+SUMIF('AvsD_M1'!$B$4:$B$100,B6,'AvsD_M1'!$I$4:$I$100)+SUMIF('AvsD_M2'!$B$4:$B$100,B6,'AvsD_M2'!$I$4:$I$100)+SUMIF('AvsD_M3'!$B$4:$B$100,B6,'AvsD_M3'!$I$4:$I$100)+SUMIF('AvsD_M4'!$B$4:$B$100,B6,'AvsD_M4'!$I$4:$I$100)+SUMIF('AvsD_M5'!$B$4:$B$100,B6,'AvsD_M5'!$I$4:$I$100)+SUMIF('AvsD_M6'!$B$4:$B$100,B6,'AvsD_M6'!$I$4:$I$100)+SUMIF('BvsC_M1'!$B$4:$B$100,B6,'BvsC_M1'!$I$4:$I$100)+SUMIF('BvsC_M2'!$B$4:$B$100,B6,'BvsC_M2'!$I$4:$I$100)+SUMIF('BvsC_M3'!$B$4:$B$100,B6,'BvsC_M3'!$I$4:$I$100)+SUMIF('BvsC_M4'!$B$4:$B$100,B6,'BvsC_M4'!$I$4:$I$100)+SUMIF('BvsC_M5'!$B$4:$B$100,B6,'BvsC_M5'!$I$4:$I$100)+SUMIF('BvsC_M6'!$B$4:$B$100,B6,'BvsC_M6'!$I$4:$I$100)
A7: 4 | B7: DANJAAR | C7: =COUNTIF('AvsB_M1'!$B$4:$B$100,B7)+COUNTIF('AvsB_M2'!$B$4:$B$100,B7)+COUNTIF('AvsB_M3'!$B$4:$B$100,B7)+COUNTIF('AvsB_M4'!$B$4:$B$100,B7)+COUNTIF('AvsB_M5'!$B$4:$B$100,B7)+COUNTIF('AvsB_M6'!$B$4:$B$100,B7)+COUNTIF('CvsD_M1'!$B$4:$B$100,B7)+COUNTIF('CvsD_M2'!$B$4:$B$100,B7)+COUNTIF('CvsD_M3'!$B$4:$B$100,B7)+COUNTIF('CvsD_M4'!$B$4:$B$100,B7)+COUNTIF('CvsD_M5'!$B$4:$B$100,B7)+COUNTIF('CvsD_M6'!$B$4:$B$100,B7)+COUNTIF('AvsC_M1'!$B$4:$B$100,B7)+COUNTIF('AvsC_M2'!$B$4:$B$100,B7)+COUNTIF('AvsC_M3'!$B$4:$B$100,B7)+COUNTIF('AvsC_M4'!$B$4:$B$100,B7)+COUNTIF('AvsC_M5'!$B$4:$B$100,B7)+COUNTIF('AvsC_M6'!$B$4:$B$100,B7)+COUNTIF('BvsD_M1'!$B$4:$B$100,B7)+COUNTIF('BvsD_M2'!$B$4:$B$100,B7)+COUNTIF('BvsD_M3'!$B$4:$B$100,B7)+COUNTIF('BvsD_M4'!$B$4:$B$100,B7)+COUNTIF('BvsD_M5'!$B$4:$B$100,B7)+COUNTIF('BvsD_M6'!$B$4:$B$100,B7)+COUNTIF('AvsD_M1'!$B$4:$B$100,B7)+COUNTIF('AvsD_M2'!$B$4:$B$100,B7)+COUNTIF('AvsD_M3'!$B$4:$B$100,B7)+COUNTIF('AvsD_M4'!$B$4:$B$100,B7)+COUNTIF('AvsD_M5'!$B$4:$B$100,B7)+COUNTIF('AvsD_M6'!$B$4:$B$100,B7)+COUNTIF('BvsC_M1'!$B$4:$B$100,B7)+COUNTIF('BvsC_M2'!$B$4:$B$100,B7)+COUNTIF('BvsC_M3'!$B$4:$B$100,B7)+COUNTIF('BvsC_M4'!$B$4:$B$100,B7)+COUNTIF('BvsC_M5'!$B$4:$B$100,B7)+COUNTIF('BvsC_M6'!$B$4:$B$100,B7) | D7: =SUMIF('AvsB_M1'!$B$4:$B$100,B7,'AvsB_M1'!$C$4:$C$100)+SUMIF('AvsB_M2'!$B$4:$B$100,B7,'AvsB_M2'!$C$4:$C$100)+SUMIF('AvsB_M3'!$B$4:$B$100,B7,'AvsB_M3'!$C$4:$C$100)+SUMIF('AvsB_M4'!$B$4:$B$100,B7,'AvsB_M4'!$C$4:$C$100)+SUMIF('AvsB_M5'!$B$4:$B$100,B7,'AvsB_M5'!$C$4:$C$100)+SUMIF('AvsB_M6'!$B$4:$B$100,B7,'AvsB_M6'!$C$4:$C$100)+SUMIF('CvsD_M1'!$B$4:$B$100,B7,'CvsD_M1'!$C$4:$C$100)+SUMIF('CvsD_M2'!$B$4:$B$100,B7,'CvsD_M2'!$C$4:$C$100)+SUMIF('CvsD_M3'!$B$4:$B$100,B7,'CvsD_M3'!$C$4:$C$100)+SUMIF('CvsD_M4'!$B$4:$B$100,B7,'CvsD_M4'!$C$4:$C$100)+SUMIF('CvsD_M5'!$B$4:$B$100,B7,'CvsD_M5'!$C$4:$C$100)+SUMIF('CvsD_M6'!$B$4:$B$100,B7,'CvsD_M6'!$C$4:$C$100)+SUMIF('AvsC_M1'!$B$4:$B$100,B7,'AvsC_M1'!$C$4:$C$100)+SUMIF('AvsC_M2'!$B$4:$B$100,B7,'AvsC_M2'!$C$4:$C$100)+SUMIF('AvsC_M3'!$B$4:$B$100,B7,'AvsC_M3'!$C$4:$C$100)+SUMIF('AvsC_M4'!$B$4:$B$100,B7,'AvsC_M4'!$C$4:$C$100)+SUMIF('AvsC_M5'!$B$4:$B$100,B7,'AvsC_M5'!$C$4:$C$100)+SUMIF('AvsC_M6'!$B$4:$B$100,B7,'AvsC_M6'!$C$4:$C$100)+SUMIF('BvsD_M1'!$B$4:$B$100,B7,'BvsD_M1'!$C$4:$C$100)+SUMIF('BvsD_M2'!$B$4:$B$100,B7,'BvsD_M2'!$C$4:$C$100)+SUMIF('BvsD_M3'!$B$4:$B$100,B7,'BvsD_M3'!$C$4:$C$100)+SUMIF('BvsD_M4'!$B$4:$B$100,B7,'BvsD_M4'!$C$4:$C$100)+SUMIF('BvsD_M5'!$B$4:$B$100,B7,'BvsD_M5'!$C$4:$C$100)+SUMIF('BvsD_M6'!$B$4:$B$100,B7,'BvsD_M6'!$C$4:$C$100)+SUMIF('AvsD_M1'!$B$4:$B$100,B7,'AvsD_M1'!$C$4:$C$100)+SUMIF('AvsD_M2'!$B$4:$B$100,B7,'AvsD_M2'!$C$4:$C$100)+SUMIF('AvsD_M3'!$B$4:$B$100,B7,'AvsD_M3'!$C$4:$C$100)+SUMIF('AvsD_M4'!$B$4:$B$100,B7,'AvsD_M4'!$C$4:$C$100)+SUMIF('AvsD_M5'!$B$4:$B$100,B7,'AvsD_M5'!$C$4:$C$100)+SUMIF('AvsD_M6'!$B$4:$B$100,B7,'AvsD_M6'!$C$4:$C$100)+SUMIF('BvsC_M1'!$B$4:$B$100,B7,'BvsC_M1'!$C$4:$C$100)+SUMIF('BvsC_M2'!$B$4:$B$100,B7,'BvsC_M2'!$C$4:$C$100)+SUMIF('BvsC_M3'!$B$4:$B$100,B7,'BvsC_M3'!$C$4:$C$100)+SUMIF('BvsC_M4'!$B$4:$B$100,B7,'BvsC_M4'!$C$4:$C$100)+SUMIF('BvsC_M5'!$B$4:$B$100,B7,'BvsC_M5'!$C$4:$C$100)+SUMIF('BvsC_M6'!$B$4:$B$100,B7,'BvsC_M6'!$C$4:$C$100) | E7: =SUMIF('AvsB_M1'!$B$4:$B$100,B7,'AvsB_M1'!$D$4:$D$100)+SUMIF('AvsB_M2'!$B$4:$B$100,B7,'AvsB_M2'!$D$4:$D$100)+SUMIF('AvsB_M3'!$B$4:$B$100,B7,'AvsB_M3'!$D$4:$D$100)+SUMIF('AvsB_M4'!$B$4:$B$100,B7,'AvsB_M4'!$D$4:$D$100)+SUMIF('AvsB_M5'!$B$4:$B$100,B7,'AvsB_M5'!$D$4:$D$100)+SUMIF('AvsB_M6'!$B$4:$B$100,B7,'AvsB_M6'!$D$4:$D$100)+SUMIF('CvsD_M1'!$B$4:$B$100,B7,'CvsD_M1'!$D$4:$D$100)+SUMIF('CvsD_M2'!$B$4:$B$100,B7,'CvsD_M2'!$D$4:$D$100)+SUMIF('CvsD_M3'!$B$4:$B$100,B7,'CvsD_M3'!$D$4:$D$100)+SUMIF('CvsD_M4'!$B$4:$B$100,B7,'CvsD_M4'!$D$4:$D$100)+SUMIF('CvsD_M5'!$B$4:$B$100,B7,'CvsD_M5'!$D$4:$D$100)+SUMIF('CvsD_M6'!$B$4:$B$100,B7,'CvsD_M6'!$D$4:$D$100)+SUMIF('AvsC_M1'!$B$4:$B$100,B7,'AvsC_M1'!$D$4:$D$100)+SUMIF('AvsC_M2'!$B$4:$B$100,B7,'AvsC_M2'!$D$4:$D$100)+SUMIF('AvsC_M3'!$B$4:$B$100,B7,'AvsC_M3'!$D$4:$D$100)+SUMIF('AvsC_M4'!$B$4:$B$100,B7,'AvsC_M4'!$D$4:$D$100)+SUMIF('AvsC_M5'!$B$4:$B$100,B7,'AvsC_M5'!$D$4:$D$100)+SUMIF('AvsC_M6'!$B$4:$B$100,B7,'AvsC_M6'!$D$4:$D$100)+SUMIF('BvsD_M1'!$B$4:$B$100,B7,'BvsD_M1'!$D$4:$D$100)+SUMIF('BvsD_M2'!$B$4:$B$100,B7,'BvsD_M2'!$D$4:$D$100)+SUMIF('BvsD_M3'!$B$4:$B$100,B7,'BvsD_M3'!$D$4:$D$100)+SUMIF('BvsD_M4'!$B$4:$B$100,B7,'BvsD_M4'!$D$4:$D$100)+SUMIF('BvsD_M5'!$B$4:$B$100,B7,'BvsD_M5'!$D$4:$D$100)+SUMIF('BvsD_M6'!$B$4:$B$100,B7,'BvsD_M6'!$D$4:$D$100)+SUMIF('AvsD_M1'!$B$4:$B$100,B7,'AvsD_M1'!$D$4:$D$100)+SUMIF('AvsD_M2'!$B$4:$B$100,B7,'AvsD_M2'!$D$4:$D$100)+SUMIF('AvsD_M3'!$B$4:$B$100,B7,'AvsD_M3'!$D$4:$D$100)+SUMIF('AvsD_M4'!$B$4:$B$100,B7,'AvsD_M4'!$D$4:$D$100)+SUMIF('AvsD_M5'!$B$4:$B$100,B7,'AvsD_M5'!$D$4:$D$100)+SUMIF('AvsD_M6'!$B$4:$B$100,B7,'AvsD_M6'!$D$4:$D$100)+SUMIF('BvsC_M1'!$B$4:$B$100,B7,'BvsC_M1'!$D$4:$D$100)+SUMIF('BvsC_M2'!$B$4:$B$100,B7,'BvsC_M2'!$D$4:$D$100)+SUMIF('BvsC_M3'!$B$4:$B$100,B7,'BvsC_M3'!$D$4:$D$100)+SUMIF('BvsC_M4'!$B$4:$B$100,B7,'BvsC_M4'!$D$4:$D$100)+SUMIF('BvsC_M5'!$B$4:$B$100,B7,'BvsC_M5'!$D$4:$D$100)+SUMIF('BvsC_M6'!$B$4:$B$100,B7,'BvsC_M6'!$D$4:$D$100) | F7: =SUMIF('AvsB_M1'!$B$4:$B$100,B7,'AvsB_M1'!$E$4:$E$100)+SUMIF('AvsB_M2'!$B$4:$B$100,B7,'AvsB_M2'!$E$4:$E$100)+SUMIF('AvsB_M3'!$B$4:$B$100,B7,'AvsB_M3'!$E$4:$E$100)+SUMIF('AvsB_M4'!$B$4:$B$100,B7,'AvsB_M4'!$E$4:$E$100)+SUMIF('AvsB_M5'!$B$4:$B$100,B7,'AvsB_M5'!$E$4:$E$100)+SUMIF('AvsB_M6'!$B$4:$B$100,B7,'AvsB_M6'!$E$4:$E$100)+SUMIF('CvsD_M1'!$B$4:$B$100,B7,'CvsD_M1'!$E$4:$E$100)+SUMIF('CvsD_M2'!$B$4:$B$100,B7,'CvsD_M2'!$E$4:$E$100)+SUMIF('CvsD_M3'!$B$4:$B$100,B7,'CvsD_M3'!$E$4:$E$100)+SUMIF('CvsD_M4'!$B$4:$B$100,B7,'CvsD_M4'!$E$4:$E$100)+SUMIF('CvsD_M5'!$B$4:$B$100,B7,'CvsD_M5'!$E$4:$E$100)+SUMIF('CvsD_M6'!$B$4:$B$100,B7,'CvsD_M6'!$E$4:$E$100)+SUMIF('AvsC_M1'!$B$4:$B$100,B7,'AvsC_M1'!$E$4:$E$100)+SUMIF('AvsC_M2'!$B$4:$B$100,B7,'AvsC_M2'!$E$4:$E$100)+SUMIF('AvsC_M3'!$B$4:$B$100,B7,'AvsC_M3'!$E$4:$E$100)+SUMIF('AvsC_M4'!$B$4:$B$100,B7,'AvsC_M4'!$E$4:$E$100)+SUMIF('AvsC_M5'!$B$4:$B$100,B7,'AvsC_M5'!$E$4:$E$100)+SUMIF('AvsC_M6'!$B$4:$B$100,B7,'AvsC_M6'!$E$4:$E$100)+SUMIF('BvsD_M1'!$B$4:$B$100,B7,'BvsD_M1'!$E$4:$E$100)+SUMIF('BvsD_M2'!$B$4:$B$100,B7,'BvsD_M2'!$E$4:$E$100)+SUMIF('BvsD_M3'!$B$4:$B$100,B7,'BvsD_M3'!$E$4:$E$100)+SUMIF('BvsD_M4'!$B$4:$B$100,B7,'BvsD_M4'!$E$4:$E$100)+SUMIF('BvsD_M5'!$B$4:$B$100,B7,'BvsD_M5'!$E$4:$E$100)+SUMIF('BvsD_M6'!$B$4:$B$100,B7,'BvsD_M6'!$E$4:$E$100)+SUMIF('AvsD_M1'!$B$4:$B$100,B7,'AvsD_M1'!$E$4:$E$100)+SUMIF('AvsD_M2'!$B$4:$B$100,B7,'AvsD_M2'!$E$4:$E$100)+SUMIF('AvsD_M3'!$B$4:$B$100,B7,'AvsD_M3'!$E$4:$E$100)+SUMIF('AvsD_M4'!$B$4:$B$100,B7,'AvsD_M4'!$E$4:$E$100)+SUMIF('AvsD_M5'!$B$4:$B$100,B7,'AvsD_M5'!$E$4:$E$100)+SUMIF('AvsD_M6'!$B$4:$B$100,B7,'AvsD_M6'!$E$4:$E$100)+SUMIF('BvsC_M1'!$B$4:$B$100,B7,'BvsC_M1'!$E$4:$E$100)+SUMIF('BvsC_M2'!$B$4:$B$100,B7,'BvsC_M2'!$E$4:$E$100)+SUMIF('BvsC_M3'!$B$4:$B$100,B7,'BvsC_M3'!$E$4:$E$100)+SUMIF('BvsC_M4'!$B$4:$B$100,B7,'BvsC_M4'!$E$4:$E$100)+SUMIF('BvsC_M5'!$B$4:$B$100,B7,'BvsC_M5'!$E$4:$E$100)+SUMIF('BvsC_M6'!$B$4:$B$100,B7,'BvsC_M6'!$E$4:$E$100) | G7: =SUMIF('AvsB_M1'!$B$4:$B$100,B7,'AvsB_M1'!$F$4:$F$100)+SUMIF('AvsB_M2'!$B$4:$B$100,B7,'AvsB_M2'!$F$4:$F$100)+SUMIF('AvsB_M3'!$B$4:$B$100,B7,'AvsB_M3'!$F$4:$F$100)+SUMIF('AvsB_M4'!$B$4:$B$100,B7,'AvsB_M4'!$F$4:$F$100)+SUMIF('AvsB_M5'!$B$4:$B$100,B7,'AvsB_M5'!$F$4:$F$100)+SUMIF('AvsB_M6'!$B$4:$B$100,B7,'AvsB_M6'!$F$4:$F$100)+SUMIF('CvsD_M1'!$B$4:$B$100,B7,'CvsD_M1'!$F$4:$F$100)+SUMIF('CvsD_M2'!$B$4:$B$100,B7,'CvsD_M2'!$F$4:$F$100)+SUMIF('CvsD_M3'!$B$4:$B$100,B7,'CvsD_M3'!$F$4:$F$100)+SUMIF('CvsD_M4'!$B$4:$B$100,B7,'CvsD_M4'!$F$4:$F$100)+SUMIF('CvsD_M5'!$B$4:$B$100,B7,'CvsD_M5'!$F$4:$F$100)+SUMIF('CvsD_M6'!$B$4:$B$100,B7,'CvsD_M6'!$F$4:$F$100)+SUMIF('AvsC_M1'!$B$4:$B$100,B7,'AvsC_M1'!$F$4:$F$100)+SUMIF('AvsC_M2'!$B$4:$B$100,B7,'AvsC_M2'!$F$4:$F$100)+SUMIF('AvsC_M3'!$B$4:$B$100,B7,'AvsC_M3'!$F$4:$F$100)+SUMIF('AvsC_M4'!$B$4:$B$100,B7,'AvsC_M4'!$F$4:$F$100)+SUMIF('AvsC_M5'!$B$4:$B$100,B7,'AvsC_M5'!$F$4:$F$100)+SUMIF('AvsC_M6'!$B$4:$B$100,B7,'AvsC_M6'!$F$4:$F$100)+SUMIF('BvsD_M1'!$B$4:$B$100,B7,'BvsD_M1'!$F$4:$F$100)+SUMIF('BvsD_M2'!$B$4:$B$100,B7,'BvsD_M2'!$F$4:$F$100)+SUMIF('BvsD_M3'!$B$4:$B$100,B7,'BvsD_M3'!$F$4:$F$100)+SUMIF('BvsD_M4'!$B$4:$B$100,B7,'BvsD_M4'!$F$4:$F$100)+SUMIF('BvsD_M5'!$B$4:$B$100,B7,'BvsD_M5'!$F$4:$F$100)+SUMIF('BvsD_M6'!$B$4:$B$100,B7,'BvsD_M6'!$F$4:$F$100)+SUMIF('AvsD_M1'!$B$4:$B$100,B7,'AvsD_M1'!$F$4:$F$100)+SUMIF('AvsD_M2'!$B$4:$B$100,B7,'AvsD_M2'!$F$4:$F$100)+SUMIF('AvsD_M3'!$B$4:$B$100,B7,'AvsD_M3'!$F$4:$F$100)+SUMIF('AvsD_M4'!$B$4:$B$100,B7,'AvsD_M4'!$F$4:$F$100)+SUMIF('AvsD_M5'!$B$4:$B$100,B7,'AvsD_M5'!$F$4:$F$100)+SUMIF('AvsD_M6'!$B$4:$B$100,B7,'AvsD_M6'!$F$4:$F$100)+SUMIF('BvsC_M1'!$B$4:$B$100,B7,'BvsC_M1'!$F$4:$F$100)+SUMIF('BvsC_M2'!$B$4:$B$100,B7,'BvsC_M2'!$F$4:$F$100)+SUMIF('BvsC_M3'!$B$4:$B$100,B7,'BvsC_M3'!$F$4:$F$100)+SUMIF('BvsC_M4'!$B$4:$B$100,B7,'BvsC_M4'!$F$4:$F$100)+SUMIF('BvsC_M5'!$B$4:$B$100,B7,'BvsC_M5'!$F$4:$F$100)+SUMIF('BvsC_M6'!$B$4:$B$100,B7,'BvsC_M6'!$F$4:$F$100) | H7: =SUMIF('AvsB_M1'!$B$4:$B$100,B7,'AvsB_M1'!$G$4:$G$100)+SUMIF('AvsB_M2'!$B$4:$B$100,B7,'AvsB_M2'!$G$4:$G$100)+SUMIF('AvsB_M3'!$B$4:$B$100,B7,'AvsB_M3'!$G$4:$G$100)+SUMIF('AvsB_M4'!$B$4:$B$100,B7,'AvsB_M4'!$G$4:$G$100)+SUMIF('AvsB_M5'!$B$4:$B$100,B7,'AvsB_M5'!$G$4:$G$100)+SUMIF('AvsB_M6'!$B$4:$B$100,B7,'AvsB_M6'!$G$4:$G$100)+SUMIF('CvsD_M1'!$B$4:$B$100,B7,'CvsD_M1'!$G$4:$G$100)+SUMIF('CvsD_M2'!$B$4:$B$100,B7,'CvsD_M2'!$G$4:$G$100)+SUMIF('CvsD_M3'!$B$4:$B$100,B7,'CvsD_M3'!$G$4:$G$100)+SUMIF('CvsD_M4'!$B$4:$B$100,B7,'CvsD_M4'!$G$4:$G$100)+SUMIF('CvsD_M5'!$B$4:$B$100,B7,'CvsD_M5'!$G$4:$G$100)+SUMIF('CvsD_M6'!$B$4:$B$100,B7,'CvsD_M6'!$G$4:$G$100)+SUMIF('AvsC_M1'!$B$4:$B$100,B7,'AvsC_M1'!$G$4:$G$100)+SUMIF('AvsC_M2'!$B$4:$B$100,B7,'AvsC_M2'!$G$4:$G$100)+SUMIF('AvsC_M3'!$B$4:$B$100,B7,'AvsC_M3'!$G$4:$G$100)+SUMIF('AvsC_M4'!$B$4:$B$100,B7,'AvsC_M4'!$G$4:$G$100)+SUMIF('AvsC_M5'!$B$4:$B$100,B7,'AvsC_M5'!$G$4:$G$100)+SUMIF('AvsC_M6'!$B$4:$B$100,B7,'AvsC_M6'!$G$4:$G$100)+SUMIF('BvsD_M1'!$B$4:$B$100,B7,'BvsD_M1'!$G$4:$G$100)+SUMIF('BvsD_M2'!$B$4:$B$100,B7,'BvsD_M2'!$G$4:$G$100)+SUMIF('BvsD_M3'!$B$4:$B$100,B7,'BvsD_M3'!$G$4:$G$100)+SUMIF('BvsD_M4'!$B$4:$B$100,B7,'BvsD_M4'!$G$4:$G$100)+SUMIF('BvsD_M5'!$B$4:$B$100,B7,'BvsD_M5'!$G$4:$G$100)+SUMIF('BvsD_M6'!$B$4:$B$100,B7,'BvsD_M6'!$G$4:$G$100)+SUMIF('AvsD_M1'!$B$4:$B$100,B7,'AvsD_M1'!$G$4:$G$100)+SUMIF('AvsD_M2'!$B$4:$B$100,B7,'AvsD_M2'!$G$4:$G$100)+SUMIF('AvsD_M3'!$B$4:$B$100,B7,'AvsD_M3'!$G$4:$G$100)+SUMIF('AvsD_M4'!$B$4:$B$100,B7,'AvsD_M4'!$G$4:$G$100)+SUMIF('AvsD_M5'!$B$4:$B$100,B7,'AvsD_M5'!$G$4:$G$100)+SUMIF('AvsD_M6'!$B$4:$B$100,B7,'AvsD_M6'!$G$4:$G$100)+SUMIF('BvsC_M1'!$B$4:$B$100,B7,'BvsC_M1'!$G$4:$G$100)+SUMIF('BvsC_M2'!$B$4:$B$100,B7,'BvsC_M2'!$G$4:$G$100)+SUMIF('BvsC_M3'!$B$4:$B$100,B7,'BvsC_M3'!$G$4:$G$100)+SUMIF('BvsC_M4'!$B$4:$B$100,B7,'BvsC_M4'!$G$4:$G$100)+SUMIF('BvsC_M5'!$B$4:$B$100,B7,'BvsC_M5'!$G$4:$G$100)+SUMIF('BvsC_M6'!$B$4:$B$100,B7,'BvsC_M6'!$G$4:$G$100) | I7: =SUMIF('AvsB_M1'!$B$4:$B$100,B7,'AvsB_M1'!$H$4:$H$100)+SUMIF('AvsB_M2'!$B$4:$B$100,B7,'AvsB_M2'!$H$4:$H$100)+SUMIF('AvsB_M3'!$B$4:$B$100,B7,'AvsB_M3'!$H$4:$H$100)+SUMIF('AvsB_M4'!$B$4:$B$100,B7,'AvsB_M4'!$H$4:$H$100)+SUMIF('AvsB_M5'!$B$4:$B$100,B7,'AvsB_M5'!$H$4:$H$100)+SUMIF('AvsB_M6'!$B$4:$B$100,B7,'AvsB_M6'!$H$4:$H$100)+SUMIF('CvsD_M1'!$B$4:$B$100,B7,'CvsD_M1'!$H$4:$H$100)+SUMIF('CvsD_M2'!$B$4:$B$100,B7,'CvsD_M2'!$H$4:$H$100)+SUMIF('CvsD_M3'!$B$4:$B$100,B7,'CvsD_M3'!$H$4:$H$100)+SUMIF('CvsD_M4'!$B$4:$B$100,B7,'CvsD_M4'!$H$4:$H$100)+SUMIF('CvsD_M5'!$B$4:$B$100,B7,'CvsD_M5'!$H$4:$H$100)+SUMIF('CvsD_M6'!$B$4:$B$100,B7,'CvsD_M6'!$H$4:$H$100)+SUMIF('AvsC_M1'!$B$4:$B$100,B7,'AvsC_M1'!$H$4:$H$100)+SUMIF('AvsC_M2'!$B$4:$B$100,B7,'AvsC_M2'!$H$4:$H$100)+SUMIF('AvsC_M3'!$B$4:$B$100,B7,'AvsC_M3'!$H$4:$H$100)+SUMIF('AvsC_M4'!$B$4:$B$100,B7,'AvsC_M4'!$H$4:$H$100)+SUMIF('AvsC_M5'!$B$4:$B$100,B7,'AvsC_M5'!$H$4:$H$100)+SUMIF('AvsC_M6'!$B$4:$B$100,B7,'AvsC_M6'!$H$4:$H$100)+SUMIF('BvsD_M1'!$B$4:$B$100,B7,'BvsD_M1'!$H$4:$H$100)+SUMIF('BvsD_M2'!$B$4:$B$100,B7,'BvsD_M2'!$H$4:$H$100)+SUMIF('BvsD_M3'!$B$4:$B$100,B7,'BvsD_M3'!$H$4:$H$100)+SUMIF('BvsD_M4'!$B$4:$B$100,B7,'BvsD_M4'!$H$4:$H$100)+SUMIF('BvsD_M5'!$B$4:$B$100,B7,'BvsD_M5'!$H$4:$H$100)+SUMIF('BvsD_M6'!$B$4:$B$100,B7,'BvsD_M6'!$H$4:$H$100)+SUMIF('AvsD_M1'!$B$4:$B$100,B7,'AvsD_M1'!$H$4:$H$100)+SUMIF('AvsD_M2'!$B$4:$B$100,B7,'AvsD_M2'!$H$4:$H$100)+SUMIF('AvsD_M3'!$B$4:$B$100,B7,'AvsD_M3'!$H$4:$H$100)+SUMIF('AvsD_M4'!$B$4:$B$100,B7,'AvsD_M4'!$H$4:$H$100)+SUMIF('AvsD_M5'!$B$4:$B$100,B7,'AvsD_M5'!$H$4:$H$100)+SUMIF('AvsD_M6'!$B$4:$B$100,B7,'AvsD_M6'!$H$4:$H$100)+SUMIF('BvsC_M1'!$B$4:$B$100,B7,'BvsC_M1'!$H$4:$H$100)+SUMIF('BvsC_M2'!$B$4:$B$100,B7,'BvsC_M2'!$H$4:$H$100)+SUMIF('BvsC_M3'!$B$4:$B$100,B7,'BvsC_M3'!$H$4:$H$100)+SUMIF('BvsC_M4'!$B$4:$B$100,B7,'BvsC_M4'!$H$4:$H$100)+SUMIF('BvsC_M5'!$B$4:$B$100,B7,'BvsC_M5'!$H$4:$H$100)+SUMIF('BvsC_M6'!$B$4:$B$100,B7,'BvsC_M6'!$H$4:$H$100) | J7: =SUMIF('AvsB_M1'!$B$4:$B$100,B7,'AvsB_M1'!$I$4:$I$100)+SUMIF('AvsB_M2'!$B$4:$B$100,B7,'AvsB_M2'!$I$4:$I$100)+SUMIF('AvsB_M3'!$B$4:$B$100,B7,'AvsB_M3'!$I$4:$I$100)+SUMIF('AvsB_M4'!$B$4:$B$100,B7,'AvsB_M4'!$I$4:$I$100)+SUMIF('AvsB_M5'!$B$4:$B$100,B7,'AvsB_M5'!$I$4:$I$100)+SUMIF('AvsB_M6'!$B$4:$B$100,B7,'AvsB_M6'!$I$4:$I$100)+SUMIF('CvsD_M1'!$B$4:$B$100,B7,'CvsD_M1'!$I$4:$I$100)+SUMIF('CvsD_M2'!$B$4:$B$100,B7,'CvsD_M2'!$I$4:$I$100)+SUMIF('CvsD_M3'!$B$4:$B$100,B7,'CvsD_M3'!$I$4:$I$100)+SUMIF('CvsD_M4'!$B$4:$B$100,B7,'CvsD_M4'!$I$4:$I$100)+SUMIF('CvsD_M5'!$B$4:$B$100,B7,'CvsD_M5'!$I$4:$I$100)+SUMIF('CvsD_M6'!$B$4:$B$100,B7,'CvsD_M6'!$I$4:$I$100)+SUMIF('AvsC_M1'!$B$4:$B$100,B7,'AvsC_M1'!$I$4:$I$100)+SUMIF('AvsC_M2'!$B$4:$B$100,B7,'AvsC_M2'!$I$4:$I$100)+SUMIF('AvsC_M3'!$B$4:$B$100,B7,'AvsC_M3'!$I$4:$I$100)+SUMIF('AvsC_M4'!$B$4:$B$100,B7,'AvsC_M4'!$I$4:$I$100)+SUMIF('AvsC_M5'!$B$4:$B$100,B7,'AvsC_M5'!$I$4:$I$100)+SUMIF('AvsC_M6'!$B$4:$B$100,B7,'AvsC_M6'!$I$4:$I$100)+SUMIF('BvsD_M1'!$B$4:$B$100,B7,'BvsD_M1'!$I$4:$I$100)+SUMIF('BvsD_M2'!$B$4:$B$100,B7,'BvsD_M2'!$I$4:$I$100)+SUMIF('BvsD_M3'!$B$4:$B$100,B7,'BvsD_M3'!$I$4:$I$100)+SUMIF('BvsD_M4'!$B$4:$B$100,B7,'BvsD_M4'!$I$4:$I$100)+SUMIF('BvsD_M5'!$B$4:$B$100,B7,'BvsD_M5'!$I$4:$I$100)+SUMIF('BvsD_M6'!$B$4:$B$100,B7,'BvsD_M6'!$I$4:$I$100)+SUMIF('AvsD_M1'!$B$4:$B$100,B7,'AvsD_M1'!$I$4:$I$100)+SUMIF('AvsD_M2'!$B$4:$B$100,B7,'AvsD_M2'!$I$4:$I$100)+SUMIF('AvsD_M3'!$B$4:$B$100,B7,'AvsD_M3'!$I$4:$I$100)+SUMIF('AvsD_M4'!$B$4:$B$100,B7,'AvsD_M4'!$I$4:$I$100)+SUMIF('AvsD_M5'!$B$4:$B$100,B7,'AvsD_M5'!$I$4:$I$100)+SUMIF('AvsD_M6'!$B$4:$B$100,B7,'AvsD_M6'!$I$4:$I$100)+SUMIF('BvsC_M1'!$B$4:$B$100,B7,'BvsC_M1'!$I$4:$I$100)+SUMIF('BvsC_M2'!$B$4:$B$100,B7,'BvsC_M2'!$I$4:$I$100)+SUMIF('BvsC_M3'!$B$4:$B$100,B7,'BvsC_M3'!$I$4:$I$100)+SUMIF('BvsC_M4'!$B$4:$B$100,B7,'BvsC_M4'!$I$4:$I$100)+SUMIF('BvsC_M5'!$B$4:$B$100,B7,'BvsC_M5'!$I$4:$I$100)+SUMIF('BvsC_M6'!$B$4:$B$100,B7,'BvsC_M6'!$I$4:$I$100)
A8: 5 | B8: DEADSHOTS | C8: =COUNTIF('AvsB_M1'!$B$4:$B$100,B8)+COUNTIF('AvsB_M2'!$B$4:$B$100,B8)+COUNTIF('AvsB_M3'!$B$4:$B$100,B8)+COUNTIF('AvsB_M4'!$B$4:$B$100,B8)+COUNTIF('AvsB_M5'!$B$4:$B$100,B8)+COUNTIF('AvsB_M6'!$B$4:$B$100,B8)+COUNTIF('CvsD_M1'!$B$4:$B$100,B8)+COUNTIF('CvsD_M2'!$B$4:$B$100,B8)+COUNTIF('CvsD_M3'!$B$4:$B$100,B8)+COUNTIF('CvsD_M4'!$B$4:$B$100,B8)+COUNTIF('CvsD_M5'!$B$4:$B$100,B8)+COUNTIF('CvsD_M6'!$B$4:$B$100,B8)+COUNTIF('AvsC_M1'!$B$4:$B$100,B8)+COUNTIF('AvsC_M2'!$B$4:$B$100,B8)+COUNTIF('AvsC_M3'!$B$4:$B$100,B8)+COUNTIF('AvsC_M4'!$B$4:$B$100,B8)+COUNTIF('AvsC_M5'!$B$4:$B$100,B8)+COUNTIF('AvsC_M6'!$B$4:$B$100,B8)+COUNTIF('BvsD_M1'!$B$4:$B$100,B8)+COUNTIF('BvsD_M2'!$B$4:$B$100,B8)+COUNTIF('BvsD_M3'!$B$4:$B$100,B8)+COUNTIF('BvsD_M4'!$B$4:$B$100,B8)+COUNTIF('BvsD_M5'!$B$4:$B$100,B8)+COUNTIF('BvsD_M6'!$B$4:$B$100,B8)+COUNTIF('AvsD_M1'!$B$4:$B$100,B8)+COUNTIF('AvsD_M2'!$B$4:$B$100,B8)+COUNTIF('AvsD_M3'!$B$4:$B$100,B8)+COUNTIF('AvsD_M4'!$B$4:$B$100,B8)+COUNTIF('AvsD_M5'!$B$4:$B$100,B8)+COUNTIF('AvsD_M6'!$B$4:$B$100,B8)+COUNTIF('BvsC_M1'!$B$4:$B$100,B8)+COUNTIF('BvsC_M2'!$B$4:$B$100,B8)+COUNTIF('BvsC_M3'!$B$4:$B$100,B8)+COUNTIF('BvsC_M4'!$B$4:$B$100,B8)+COUNTIF('BvsC_M5'!$B$4:$B$100,B8)+COUNTIF('BvsC_M6'!$B$4:$B$100,B8) | D8: =SUMIF('AvsB_M1'!$B$4:$B$100,B8,'AvsB_M1'!$C$4:$C$100)+SUMIF('AvsB_M2'!$B$4:$B$100,B8,'AvsB_M2'!$C$4:$C$100)+SUMIF('AvsB_M3'!$B$4:$B$100,B8,'AvsB_M3'!$C$4:$C$100)+SUMIF('AvsB_M4'!$B$4:$B$100,B8,'AvsB_M4'!$C$4:$C$100)+SUMIF('AvsB_M5'!$B$4:$B$100,B8,'AvsB_M5'!$C$4:$C$100)+SUMIF('AvsB_M6'!$B$4:$B$100,B8,'AvsB_M6'!$C$4:$C$100)+SUMIF('CvsD_M1'!$B$4:$B$100,B8,'CvsD_M1'!$C$4:$C$100)+SUMIF('CvsD_M2'!$B$4:$B$100,B8,'CvsD_M2'!$C$4:$C$100)+SUMIF('CvsD_M3'!$B$4:$B$100,B8,'CvsD_M3'!$C$4:$C$100)+SUMIF('CvsD_M4'!$B$4:$B$100,B8,'CvsD_M4'!$C$4:$C$100)+SUMIF('CvsD_M5'!$B$4:$B$100,B8,'CvsD_M5'!$C$4:$C$100)+SUMIF('CvsD_M6'!$B$4:$B$100,B8,'CvsD_M6'!$C$4:$C$100)+SUMIF('AvsC_M1'!$B$4:$B$100,B8,'AvsC_M1'!$C$4:$C$100)+SUMIF('AvsC_M2'!$B$4:$B$100,B8,'AvsC_M2'!$C$4:$C$100)+SUMIF('AvsC_M3'!$B$4:$B$100,B8,'AvsC_M3'!$C$4:$C$100)+SUMIF('AvsC_M4'!$B$4:$B$100,B8,'AvsC_M4'!$C$4:$C$100)+SUMIF('AvsC_M5'!$B$4:$B$100,B8,'AvsC_M5'!$C$4:$C$100)+SUMIF('AvsC_M6'!$B$4:$B$100,B8,'AvsC_M6'!$C$4:$C$100)+SUMIF('BvsD_M1'!$B$4:$B$100,B8,'BvsD_M1'!$C$4:$C$100)+SUMIF('BvsD_M2'!$B$4:$B$100,B8,'BvsD_M2'!$C$4:$C$100)+SUMIF('BvsD_M3'!$B$4:$B$100,B8,'BvsD_M3'!$C$4:$C$100)+SUMIF('BvsD_M4'!$B$4:$B$100,B8,'BvsD_M4'!$C$4:$C$100)+SUMIF('BvsD_M5'!$B$4:$B$100,B8,'BvsD_M5'!$C$4:$C$100)+SUMIF('BvsD_M6'!$B$4:$B$100,B8,'BvsD_M6'!$C$4:$C$100)+SUMIF('AvsD_M1'!$B$4:$B$100,B8,'AvsD_M1'!$C$4:$C$100)+SUMIF('AvsD_M2'!$B$4:$B$100,B8,'AvsD_M2'!$C$4:$C$100)+SUMIF('AvsD_M3'!$B$4:$B$100,B8,'AvsD_M3'!$C$4:$C$100)+SUMIF('AvsD_M4'!$B$4:$B$100,B8,'AvsD_M4'!$C$4:$C$100)+SUMIF('AvsD_M5'!$B$4:$B$100,B8,'AvsD_M5'!$C$4:$C$100)+SUMIF('AvsD_M6'!$B$4:$B$100,B8,'AvsD_M6'!$C$4:$C$100)+SUMIF('BvsC_M1'!$B$4:$B$100,B8,'BvsC_M1'!$C$4:$C$100)+SUMIF('BvsC_M2'!$B$4:$B$100,B8,'BvsC_M2'!$C$4:$C$100)+SUMIF('BvsC_M3'!$B$4:$B$100,B8,'BvsC_M3'!$C$4:$C$100)+SUMIF('BvsC_M4'!$B$4:$B$100,B8,'BvsC_M4'!$C$4:$C$100)+SUMIF('BvsC_M5'!$B$4:$B$100,B8,'BvsC_M5'!$C$4:$C$100)+SUMIF('BvsC_M6'!$B$4:$B$100,B8,'BvsC_M6'!$C$4:$C$100) | E8: =SUMIF('AvsB_M1'!$B$4:$B$100,B8,'AvsB_M1'!$D$4:$D$100)+SUMIF('AvsB_M2'!$B$4:$B$100,B8,'AvsB_M2'!$D$4:$D$100)+SUMIF('AvsB_M3'!$B$4:$B$100,B8,'AvsB_M3'!$D$4:$D$100)+SUMIF('AvsB_M4'!$B$4:$B$100,B8,'AvsB_M4'!$D$4:$D$100)+SUMIF('AvsB_M5'!$B$4:$B$100,B8,'AvsB_M5'!$D$4:$D$100)+SUMIF('AvsB_M6'!$B$4:$B$100,B8,'AvsB_M6'!$D$4:$D$100)+SUMIF('CvsD_M1'!$B$4:$B$100,B8,'CvsD_M1'!$D$4:$D$100)+SUMIF('CvsD_M2'!$B$4:$B$100,B8,'CvsD_M2'!$D$4:$D$100)+SUMIF('CvsD_M3'!$B$4:$B$100,B8,'CvsD_M3'!$D$4:$D$100)+SUMIF('CvsD_M4'!$B$4:$B$100,B8,'CvsD_M4'!$D$4:$D$100)+SUMIF('CvsD_M5'!$B$4:$B$100,B8,'CvsD_M5'!$D$4:$D$100)+SUMIF('CvsD_M6'!$B$4:$B$100,B8,'CvsD_M6'!$D$4:$D$100)+SUMIF('AvsC_M1'!$B$4:$B$100,B8,'AvsC_M1'!$D$4:$D$100)+SUMIF('AvsC_M2'!$B$4:$B$100,B8,'AvsC_M2'!$D$4:$D$100)+SUMIF('AvsC_M3'!$B$4:$B$100,B8,'AvsC_M3'!$D$4:$D$100)+SUMIF('AvsC_M4'!$B$4:$B$100,B8,'AvsC_M4'!$D$4:$D$100)+SUMIF('AvsC_M5'!$B$4:$B$100,B8,'AvsC_M5'!$D$4:$D$100)+SUMIF('AvsC_M6'!$B$4:$B$100,B8,'AvsC_M6'!$D$4:$D$100)+SUMIF('BvsD_M1'!$B$4:$B$100,B8,'BvsD_M1'!$D$4:$D$100)+SUMIF('BvsD_M2'!$B$4:$B$100,B8,'BvsD_M2'!$D$4:$D$100)+SUMIF('BvsD_M3'!$B$4:$B$100,B8,'BvsD_M3'!$D$4:$D$100)+SUMIF('BvsD_M4'!$B$4:$B$100,B8,'BvsD_M4'!$D$4:$D$100)+SUMIF('BvsD_M5'!$B$4:$B$100,B8,'BvsD_M5'!$D$4:$D$100)+SUMIF('BvsD_M6'!$B$4:$B$100,B8,'BvsD_M6'!$D$4:$D$100)+SUMIF('AvsD_M1'!$B$4:$B$100,B8,'AvsD_M1'!$D$4:$D$100)+SUMIF('AvsD_M2'!$B$4:$B$100,B8,'AvsD_M2'!$D$4:$D$100)+SUMIF('AvsD_M3'!$B$4:$B$100,B8,'AvsD_M3'!$D$4:$D$100)+SUMIF('AvsD_M4'!$B$4:$B$100,B8,'AvsD_M4'!$D$4:$D$100)+SUMIF('AvsD_M5'!$B$4:$B$100,B8,'AvsD_M5'!$D$4:$D$100)+SUMIF('AvsD_M6'!$B$4:$B$100,B8,'AvsD_M6'!$D$4:$D$100)+SUMIF('BvsC_M1'!$B$4:$B$100,B8,'BvsC_M1'!$D$4:$D$100)+SUMIF('BvsC_M2'!$B$4:$B$100,B8,'BvsC_M2'!$D$4:$D$100)+SUMIF('BvsC_M3'!$B$4:$B$100,B8,'BvsC_M3'!$D$4:$D$100)+SUMIF('BvsC_M4'!$B$4:$B$100,B8,'BvsC_M4'!$D$4:$D$100)+SUMIF('BvsC_M5'!$B$4:$B$100,B8,'BvsC_M5'!$D$4:$D$100)+SUMIF('BvsC_M6'!$B$4:$B$100,B8,'BvsC_M6'!$D$4:$D$100) | F8: =SUMIF('AvsB_M1'!$B$4:$B$100,B8,'AvsB_M1'!$E$4:$E$100)+SUMIF('AvsB_M2'!$B$4:$B$100,B8,'AvsB_M2'!$E$4:$E$100)+SUMIF('AvsB_M3'!$B$4:$B$100,B8,'AvsB_M3'!$E$4:$E$100)+SUMIF('AvsB_M4'!$B$4:$B$100,B8,'AvsB_M4'!$E$4:$E$100)+SUMIF('AvsB_M5'!$B$4:$B$100,B8,'AvsB_M5'!$E$4:$E$100)+SUMIF('AvsB_M6'!$B$4:$B$100,B8,'AvsB_M6'!$E$4:$E$100)+SUMIF('CvsD_M1'!$B$4:$B$100,B8,'CvsD_M1'!$E$4:$E$100)+SUMIF('CvsD_M2'!$B$4:$B$100,B8,'CvsD_M2'!$E$4:$E$100)+SUMIF('CvsD_M3'!$B$4:$B$100,B8,'CvsD_M3'!$E$4:$E$100)+SUMIF('CvsD_M4'!$B$4:$B$100,B8,'CvsD_M4'!$E$4:$E$100)+SUMIF('CvsD_M5'!$B$4:$B$100,B8,'CvsD_M5'!$E$4:$E$100)+SUMIF('CvsD_M6'!$B$4:$B$100,B8,'CvsD_M6'!$E$4:$E$100)+SUMIF('AvsC_M1'!$B$4:$B$100,B8,'AvsC_M1'!$E$4:$E$100)+SUMIF('AvsC_M2'!$B$4:$B$100,B8,'AvsC_M2'!$E$4:$E$100)+SUMIF('AvsC_M3'!$B$4:$B$100,B8,'AvsC_M3'!$E$4:$E$100)+SUMIF('AvsC_M4'!$B$4:$B$100,B8,'AvsC_M4'!$E$4:$E$100)+SUMIF('AvsC_M5'!$B$4:$B$100,B8,'AvsC_M5'!$E$4:$E$100)+SUMIF('AvsC_M6'!$B$4:$B$100,B8,'AvsC_M6'!$E$4:$E$100)+SUMIF('BvsD_M1'!$B$4:$B$100,B8,'BvsD_M1'!$E$4:$E$100)+SUMIF('BvsD_M2'!$B$4:$B$100,B8,'BvsD_M2'!$E$4:$E$100)+SUMIF('BvsD_M3'!$B$4:$B$100,B8,'BvsD_M3'!$E$4:$E$100)+SUMIF('BvsD_M4'!$B$4:$B$100,B8,'BvsD_M4'!$E$4:$E$100)+SUMIF('BvsD_M5'!$B$4:$B$100,B8,'BvsD_M5'!$E$4:$E$100)+SUMIF('BvsD_M6'!$B$4:$B$100,B8,'BvsD_M6'!$E$4:$E$100)+SUMIF('AvsD_M1'!$B$4:$B$100,B8,'AvsD_M1'!$E$4:$E$100)+SUMIF('AvsD_M2'!$B$4:$B$100,B8,'AvsD_M2'!$E$4:$E$100)+SUMIF('AvsD_M3'!$B$4:$B$100,B8,'AvsD_M3'!$E$4:$E$100)+SUMIF('AvsD_M4'!$B$4:$B$100,B8,'AvsD_M4'!$E$4:$E$100)+SUMIF('AvsD_M5'!$B$4:$B$100,B8,'AvsD_M5'!$E$4:$E$100)+SUMIF('AvsD_M6'!$B$4:$B$100,B8,'AvsD_M6'!$E$4:$E$100)+SUMIF('BvsC_M1'!$B$4:$B$100,B8,'BvsC_M1'!$E$4:$E$100)+SUMIF('BvsC_M2'!$B$4:$B$100,B8,'BvsC_M2'!$E$4:$E$100)+SUMIF('BvsC_M3'!$B$4:$B$100,B8,'BvsC_M3'!$E$4:$E$100)+SUMIF('BvsC_M4'!$B$4:$B$100,B8,'BvsC_M4'!$E$4:$E$100)+SUMIF('BvsC_M5'!$B$4:$B$100,B8,'BvsC_M5'!$E$4:$E$100)+SUMIF('BvsC_M6'!$B$4:$B$100,B8,'BvsC_M6'!$E$4:$E$100) | G8: =SUMIF('AvsB_M1'!$B$4:$B$100,B8,'AvsB_M1'!$F$4:$F$100)+SUMIF('AvsB_M2'!$B$4:$B$100,B8,'AvsB_M2'!$F$4:$F$100)+SUMIF('AvsB_M3'!$B$4:$B$100,B8,'AvsB_M3'!$F$4:$F$100)+SUMIF('AvsB_M4'!$B$4:$B$100,B8,'AvsB_M4'!$F$4:$F$100)+SUMIF('AvsB_M5'!$B$4:$B$100,B8,'AvsB_M5'!$F$4:$F$100)+SUMIF('AvsB_M6'!$B$4:$B$100,B8,'AvsB_M6'!$F$4:$F$100)+SUMIF('CvsD_M1'!$B$4:$B$100,B8,'CvsD_M1'!$F$4:$F$100)+SUMIF('CvsD_M2'!$B$4:$B$100,B8,'CvsD_M2'!$F$4:$F$100)+SUMIF('CvsD_M3'!$B$4:$B$100,B8,'CvsD_M3'!$F$4:$F$100)+SUMIF('CvsD_M4'!$B$4:$B$100,B8,'CvsD_M4'!$F$4:$F$100)+SUMIF('CvsD_M5'!$B$4:$B$100,B8,'CvsD_M5'!$F$4:$F$100)+SUMIF('CvsD_M6'!$B$4:$B$100,B8,'CvsD_M6'!$F$4:$F$100)+SUMIF('AvsC_M1'!$B$4:$B$100,B8,'AvsC_M1'!$F$4:$F$100)+SUMIF('AvsC_M2'!$B$4:$B$100,B8,'AvsC_M2'!$F$4:$F$100)+SUMIF('AvsC_M3'!$B$4:$B$100,B8,'AvsC_M3'!$F$4:$F$100)+SUMIF('AvsC_M4'!$B$4:$B$100,B8,'AvsC_M4'!$F$4:$F$100)+SUMIF('AvsC_M5'!$B$4:$B$100,B8,'AvsC_M5'!$F$4:$F$100)+SUMIF('AvsC_M6'!$B$4:$B$100,B8,'AvsC_M6'!$F$4:$F$100)+SUMIF('BvsD_M1'!$B$4:$B$100,B8,'BvsD_M1'!$F$4:$F$100)+SUMIF('BvsD_M2'!$B$4:$B$100,B8,'BvsD_M2'!$F$4:$F$100)+SUMIF('BvsD_M3'!$B$4:$B$100,B8,'BvsD_M3'!$F$4:$F$100)+SUMIF('BvsD_M4'!$B$4:$B$100,B8,'BvsD_M4'!$F$4:$F$100)+SUMIF('BvsD_M5'!$B$4:$B$100,B8,'BvsD_M5'!$F$4:$F$100)+SUMIF('BvsD_M6'!$B$4:$B$100,B8,'BvsD_M6'!$F$4:$F$100)+SUMIF('AvsD_M1'!$B$4:$B$100,B8,'AvsD_M1'!$F$4:$F$100)+SUMIF('AvsD_M2'!$B$4:$B$100,B8,'AvsD_M2'!$F$4:$F$100)+SUMIF('AvsD_M3'!$B$4:$B$100,B8,'AvsD_M3'!$F$4:$F$100)+SUMIF('AvsD_M4'!$B$4:$B$100,B8,'AvsD_M4'!$F$4:$F$100)+SUMIF('AvsD_M5'!$B$4:$B$100,B8,'AvsD_M5'!$F$4:$F$100)+SUMIF('AvsD_M6'!$B$4:$B$100,B8,'AvsD_M6'!$F$4:$F$100)+SUMIF('BvsC_M1'!$B$4:$B$100,B8,'BvsC_M1'!$F$4:$F$100)+SUMIF('BvsC_M2'!$B$4:$B$100,B8,'BvsC_M2'!$F$4:$F$100)+SUMIF('BvsC_M3'!$B$4:$B$100,B8,'BvsC_M3'!$F$4:$F$100)+SUMIF('BvsC_M4'!$B$4:$B$100,B8,'BvsC_M4'!$F$4:$F$100)+SUMIF('BvsC_M5'!$B$4:$B$100,B8,'BvsC_M5'!$F$4:$F$100)+SUMIF('BvsC_M6'!$B$4:$B$100,B8,'BvsC_M6'!$F$4:$F$100) | H8: =SUMIF('AvsB_M1'!$B$4:$B$100,B8,'AvsB_M1'!$G$4:$G$100)+SUMIF('AvsB_M2'!$B$4:$B$100,B8,'AvsB_M2'!$G$4:$G$100)+SUMIF('AvsB_M3'!$B$4:$B$100,B8,'AvsB_M3'!$G$4:$G$100)+SUMIF('AvsB_M4'!$B$4:$B$100,B8,'AvsB_M4'!$G$4:$G$100)+SUMIF('AvsB_M5'!$B$4:$B$100,B8,'AvsB_M5'!$G$4:$G$100)+SUMIF('AvsB_M6'!$B$4:$B$100,B8,'AvsB_M6'!$G$4:$G$100)+SUMIF('CvsD_M1'!$B$4:$B$100,B8,'CvsD_M1'!$G$4:$G$100)+SUMIF('CvsD_M2'!$B$4:$B$100,B8,'CvsD_M2'!$G$4:$G$100)+SUMIF('CvsD_M3'!$B$4:$B$100,B8,'CvsD_M3'!$G$4:$G$100)+SUMIF('CvsD_M4'!$B$4:$B$100,B8,'CvsD_M4'!$G$4:$G$100)+SUMIF('CvsD_M5'!$B$4:$B$100,B8,'CvsD_M5'!$G$4:$G$100)+SUMIF('CvsD_M6'!$B$4:$B$100,B8,'CvsD_M6'!$G$4:$G$100)+SUMIF('AvsC_M1'!$B$4:$B$100,B8,'AvsC_M1'!$G$4:$G$100)+SUMIF('AvsC_M2'!$B$4:$B$100,B8,'AvsC_M2'!$G$4:$G$100)+SUMIF('AvsC_M3'!$B$4:$B$100,B8,'AvsC_M3'!$G$4:$G$100)+SUMIF('AvsC_M4'!$B$4:$B$100,B8,'AvsC_M4'!$G$4:$G$100)+SUMIF('AvsC_M5'!$B$4:$B$100,B8,'AvsC_M5'!$G$4:$G$100)+SUMIF('AvsC_M6'!$B$4:$B$100,B8,'AvsC_M6'!$G$4:$G$100)+SUMIF('BvsD_M1'!$B$4:$B$100,B8,'BvsD_M1'!$G$4:$G$100)+SUMIF('BvsD_M2'!$B$4:$B$100,B8,'BvsD_M2'!$G$4:$G$100)+SUMIF('BvsD_M3'!$B$4:$B$100,B8,'BvsD_M3'!$G$4:$G$100)+SUMIF('BvsD_M4'!$B$4:$B$100,B8,'BvsD_M4'!$G$4:$G$100)+SUMIF('BvsD_M5'!$B$4:$B$100,B8,'BvsD_M5'!$G$4:$G$100)+SUMIF('BvsD_M6'!$B$4:$B$100,B8,'BvsD_M6'!$G$4:$G$100)+SUMIF('AvsD_M1'!$B$4:$B$100,B8,'AvsD_M1'!$G$4:$G$100)+SUMIF('AvsD_M2'!$B$4:$B$100,B8,'AvsD_M2'!$G$4:$G$100)+SUMIF('AvsD_M3'!$B$4:$B$100,B8,'AvsD_M3'!$G$4:$G$100)+SUMIF('AvsD_M4'!$B$4:$B$100,B8,'AvsD_M4'!$G$4:$G$100)+SUMIF('AvsD_M5'!$B$4:$B$100,B8,'AvsD_M5'!$G$4:$G$100)+SUMIF('AvsD_M6'!$B$4:$B$100,B8,'AvsD_M6'!$G$4:$G$100)+SUMIF('BvsC_M1'!$B$4:$B$100,B8,'BvsC_M1'!$G$4:$G$100)+SUMIF('BvsC_M2'!$B$4:$B$100,B8,'BvsC_M2'!$G$4:$G$100)+SUMIF('BvsC_M3'!$B$4:$B$100,B8,'BvsC_M3'!$G$4:$G$100)+SUMIF('BvsC_M4'!$B$4:$B$100,B8,'BvsC_M4'!$G$4:$G$100)+SUMIF('BvsC_M5'!$B$4:$B$100,B8,'BvsC_M5'!$G$4:$G$100)+SUMIF('BvsC_M6'!$B$4:$B$100,B8,'BvsC_M6'!$G$4:$G$100) | I8: =SUMIF('AvsB_M1'!$B$4:$B$100,B8,'AvsB_M1'!$H$4:$H$100)+SUMIF('AvsB_M2'!$B$4:$B$100,B8,'AvsB_M2'!$H$4:$H$100)+SUMIF('AvsB_M3'!$B$4:$B$100,B8,'AvsB_M3'!$H$4:$H$100)+SUMIF('AvsB_M4'!$B$4:$B$100,B8,'AvsB_M4'!$H$4:$H$100)+SUMIF('AvsB_M5'!$B$4:$B$100,B8,'AvsB_M5'!$H$4:$H$100)+SUMIF('AvsB_M6'!$B$4:$B$100,B8,'AvsB_M6'!$H$4:$H$100)+SUMIF('CvsD_M1'!$B$4:$B$100,B8,'CvsD_M1'!$H$4:$H$100)+SUMIF('CvsD_M2'!$B$4:$B$100,B8,'CvsD_M2'!$H$4:$H$100)+SUMIF('CvsD_M3'!$B$4:$B$100,B8,'CvsD_M3'!$H$4:$H$100)+SUMIF('CvsD_M4'!$B$4:$B$100,B8,'CvsD_M4'!$H$4:$H$100)+SUMIF('CvsD_M5'!$B$4:$B$100,B8,'CvsD_M5'!$H$4:$H$100)+SUMIF('CvsD_M6'!$B$4:$B$100,B8,'CvsD_M6'!$H$4:$H$100)+SUMIF('AvsC_M1'!$B$4:$B$100,B8,'AvsC_M1'!$H$4:$H$100)+SUMIF('AvsC_M2'!$B$4:$B$100,B8,'AvsC_M2'!$H$4:$H$100)+SUMIF('AvsC_M3'!$B$4:$B$100,B8,'AvsC_M3'!$H$4:$H$100)+SUMIF('AvsC_M4'!$B$4:$B$100,B8,'AvsC_M4'!$H$4:$H$100)+SUMIF('AvsC_M5'!$B$4:$B$100,B8,'AvsC_M5'!$H$4:$H$100)+SUMIF('AvsC_M6'!$B$4:$B$100,B8,'AvsC_M6'!$H$4:$H$100)+SUMIF('BvsD_M1'!$B$4:$B$100,B8,'BvsD_M1'!$H$4:$H$100)+SUMIF('BvsD_M2'!$B$4:$B$100,B8,'BvsD_M2'!$H$4:$H$100)+SUMIF('BvsD_M3'!$B$4:$B$100,B8,'BvsD_M3'!$H$4:$H$100)+SUMIF('BvsD_M4'!$B$4:$B$100,B8,'BvsD_M4'!$H$4:$H$100)+SUMIF('BvsD_M5'!$B$4:$B$100,B8,'BvsD_M5'!$H$4:$H$100)+SUMIF('BvsD_M6'!$B$4:$B$100,B8,'BvsD_M6'!$H$4:$H$100)+SUMIF('AvsD_M1'!$B$4:$B$100,B8,'AvsD_M1'!$H$4:$H$100)+SUMIF('AvsD_M2'!$B$4:$B$100,B8,'AvsD_M2'!$H$4:$H$100)+SUMIF('AvsD_M3'!$B$4:$B$100,B8,'AvsD_M3'!$H$4:$H$100)+SUMIF('AvsD_M4'!$B$4:$B$100,B8,'AvsD_M4'!$H$4:$H$100)+SUMIF('AvsD_M5'!$B$4:$B$100,B8,'AvsD_M5'!$H$4:$H$100)+SUMIF('AvsD_M6'!$B$4:$B$100,B8,'AvsD_M6'!$H$4:$H$100)+SUMIF('BvsC_M1'!$B$4:$B$100,B8,'BvsC_M1'!$H$4:$H$100)+SUMIF('BvsC_M2'!$B$4:$B$100,B8,'BvsC_M2'!$H$4:$H$100)+SUMIF('BvsC_M3'!$B$4:$B$100,B8,'BvsC_M3'!$H$4:$H$100)+SUMIF('BvsC_M4'!$B$4:$B$100,B8,'BvsC_M4'!$H$4:$H$100)+SUMIF('BvsC_M5'!$B$4:$B$100,B8,'BvsC_M5'!$H$4:$H$100)+SUMIF('BvsC_M6'!$B$4:$B$100,B8,'BvsC_M6'!$H$4:$H$100) | J8: =SUMIF('AvsB_M1'!$B$4:$B$100,B8,'AvsB_M1'!$I$4:$I$100)+SUMIF('AvsB_M2'!$B$4:$B$100,B8,'AvsB_M2'!$I$4:$I$100)+SUMIF('AvsB_M3'!$B$4:$B$100,B8,'AvsB_M3'!$I$4:$I$100)+SUMIF('AvsB_M4'!$B$4:$B$100,B8,'AvsB_M4'!$I$4:$I$100)+SUMIF('AvsB_M5'!$B$4:$B$100,B8,'AvsB_M5'!$I$4:$I$100)+SUMIF('AvsB_M6'!$B$4:$B$100,B8,'AvsB_M6'!$I$4:$I$100)+SUMIF('CvsD_M1'!$B$4:$B$100,B8,'CvsD_M1'!$I$4:$I$100)+SUMIF('CvsD_M2'!$B$4:$B$100,B8,'CvsD_M2'!$I$4:$I$100)+SUMIF('CvsD_M3'!$B$4:$B$100,B8,'CvsD_M3'!$I$4:$I$100)+SUMIF('CvsD_M4'!$B$4:$B$100,B8,'CvsD_M4'!$I$4:$I$100)+SUMIF('CvsD_M5'!$B$4:$B$100,B8,'CvsD_M5'!$I$4:$I$100)+SUMIF('CvsD_M6'!$B$4:$B$100,B8,'CvsD_M6'!$I$4:$I$100)+SUMIF('AvsC_M1'!$B$4:$B$100,B8,'AvsC_M1'!$I$4:$I$100)+SUMIF('AvsC_M2'!$B$4:$B$100,B8,'AvsC_M2'!$I$4:$I$100)+SUMIF('AvsC_M3'!$B$4:$B$100,B8,'AvsC_M3'!$I$4:$I$100)+SUMIF('AvsC_M4'!$B$4:$B$100,B8,'AvsC_M4'!$I$4:$I$100)+SUMIF('AvsC_M5'!$B$4:$B$100,B8,'AvsC_M5'!$I$4:$I$100)+SUMIF('AvsC_M6'!$B$4:$B$100,B8,'AvsC_M6'!$I$4:$I$100)+SUMIF('BvsD_M1'!$B$4:$B$100,B8,'BvsD_M1'!$I$4:$I$100)+SUMIF('BvsD_M2'!$B$4:$B$100,B8,'BvsD_M2'!$I$4:$I$100)+SUMIF('BvsD_M3'!$B$4:$B$100,B8,'BvsD_M3'!$I$4:$I$100)+SUMIF('BvsD_M4'!$B$4:$B$100,B8,'BvsD_M4'!$I$4:$I$100)+SUMIF('BvsD_M5'!$B$4:$B$100,B8,'BvsD_M5'!$I$4:$I$100)+SUMIF('BvsD_M6'!$B$4:$B$100,B8,'BvsD_M6'!$I$4:$I$100)+SUMIF('AvsD_M1'!$B$4:$B$100,B8,'AvsD_M1'!$I$4:$I$100)+SUMIF('AvsD_M2'!$B$4:$B$100,B8,'AvsD_M2'!$I$4:$I$100)+SUMIF('AvsD_M3'!$B$4:$B$100,B8,'AvsD_M3'!$I$4:$I$100)+SUMIF('AvsD_M4'!$B$4:$B$100,B8,'AvsD_M4'!$I$4:$I$100)+SUMIF('AvsD_M5'!$B$4:$B$100,B8,'AvsD_M5'!$I$4:$I$100)+SUMIF('AvsD_M6'!$B$4:$B$100,B8,'AvsD_M6'!$I$4:$I$100)+SUMIF('BvsC_M1'!$B$4:$B$100,B8,'BvsC_M1'!$I$4:$I$100)+SUMIF('BvsC_M2'!$B$4:$B$100,B8,'BvsC_M2'!$I$4:$I$100)+SUMIF('BvsC_M3'!$B$4:$B$100,B8,'BvsC_M3'!$I$4:$I$100)+SUMIF('BvsC_M4'!$B$4:$B$100,B8,'BvsC_M4'!$I$4:$I$100)+SUMIF('BvsC_M5'!$B$4:$B$100,B8,'BvsC_M5'!$I$4:$I$100)+SUMIF('BvsC_M6'!$B$4:$B$100,B8,'BvsC_M6'!$I$4:$I$100)
A9: 6 | B9: Indus Prime | C9: =COUNTIF('AvsB_M1'!$B$4:$B$100,B9)+COUNTIF('AvsB_M2'!$B$4:$B$100,B9)+COUNTIF('AvsB_M3'!$B$4:$B$100,B9)+COUNTIF('AvsB_M4'!$B$4:$B$100,B9)+COUNTIF('AvsB_M5'!$B$4:$B$100,B9)+COUNTIF('AvsB_M6'!$B$4:$B$100,B9)+COUNTIF('CvsD_M1'!$B$4:$B$100,B9)+COUNTIF('CvsD_M2'!$B$4:$B$100,B9)+COUNTIF('CvsD_M3'!$B$4:$B$100,B9)+COUNTIF('CvsD_M4'!$B$4:$B$100,B9)+COUNTIF('CvsD_M5'!$B$4:$B$100,B9)+COUNTIF('CvsD_M6'!$B$4:$B$100,B9)+COUNTIF('AvsC_M1'!$B$4:$B$100,B9)+COUNTIF('AvsC_M2'!$B$4:$B$100,B9)+COUNTIF('AvsC_M3'!$B$4:$B$100,B9)+COUNTIF('AvsC_M4'!$B$4:$B$100,B9)+COUNTIF('AvsC_M5'!$B$4:$B$100,B9)+COUNTIF('AvsC_M6'!$B$4:$B$100,B9)+COUNTIF('BvsD_M1'!$B$4:$B$100,B9)+COUNTIF('BvsD_M2'!$B$4:$B$100,B9)+COUNTIF('BvsD_M3'!$B$4:$B$100,B9)+COUNTIF('BvsD_M4'!$B$4:$B$100,B9)+COUNTIF('BvsD_M5'!$B$4:$B$100,B9)+COUNTIF('BvsD_M6'!$B$4:$B$100,B9)+COUNTIF('AvsD_M1'!$B$4:$B$100,B9)+COUNTIF('AvsD_M2'!$B$4:$B$100,B9)+COUNTIF('AvsD_M3'!$B$4:$B$100,B9)+COUNTIF('AvsD_M4'!$B$4:$B$100,B9)+COUNTIF('AvsD_M5'!$B$4:$B$100,B9)+COUNTIF('AvsD_M6'!$B$4:$B$100,B9)+COUNTIF('BvsC_M1'!$B$4:$B$100,B9)+COUNTIF('BvsC_M2'!$B$4:$B$100,B9)+COUNTIF('BvsC_M3'!$B$4:$B$100,B9)+COUNTIF('BvsC_M4'!$B$4:$B$100,B9)+COUNTIF('BvsC_M5'!$B$4:$B$100,B9)+COUNTIF('BvsC_M6'!$B$4:$B$100,B9) | D9: =SUMIF('AvsB_M1'!$B$4:$B$100,B9,'AvsB_M1'!$C$4:$C$100)+SUMIF('AvsB_M2'!$B$4:$B$100,B9,'AvsB_M2'!$C$4:$C$100)+SUMIF('AvsB_M3'!$B$4:$B$100,B9,'AvsB_M3'!$C$4:$C$100)+SUMIF('AvsB_M4'!$B$4:$B$100,B9,'AvsB_M4'!$C$4:$C$100)+SUMIF('AvsB_M5'!$B$4:$B$100,B9,'AvsB_M5'!$C$4:$C$100)+SUMIF('AvsB_M6'!$B$4:$B$100,B9,'AvsB_M6'!$C$4:$C$100)+SUMIF('CvsD_M1'!$B$4:$B$100,B9,'CvsD_M1'!$C$4:$C$100)+SUMIF('CvsD_M2'!$B$4:$B$100,B9,'CvsD_M2'!$C$4:$C$100)+SUMIF('CvsD_M3'!$B$4:$B$100,B9,'CvsD_M3'!$C$4:$C$100)+SUMIF('CvsD_M4'!$B$4:$B$100,B9,'CvsD_M4'!$C$4:$C$100)+SUMIF('CvsD_M5'!$B$4:$B$100,B9,'CvsD_M5'!$C$4:$C$100)+SUMIF('CvsD_M6'!$B$4:$B$100,B9,'CvsD_M6'!$C$4:$C$100)+SUMIF('AvsC_M1'!$B$4:$B$100,B9,'AvsC_M1'!$C$4:$C$100)+SUMIF('AvsC_M2'!$B$4:$B$100,B9,'AvsC_M2'!$C$4:$C$100)+SUMIF('AvsC_M3'!$B$4:$B$100,B9,'AvsC_M3'!$C$4:$C$100)+SUMIF('AvsC_M4'!$B$4:$B$100,B9,'AvsC_M4'!$C$4:$C$100)+SUMIF('AvsC_M5'!$B$4:$B$100,B9,'AvsC_M5'!$C$4:$C$100)+SUMIF('AvsC_M6'!$B$4:$B$100,B9,'AvsC_M6'!$C$4:$C$100)+SUMIF('BvsD_M1'!$B$4:$B$100,B9,'BvsD_M1'!$C$4:$C$100)+SUMIF('BvsD_M2'!$B$4:$B$100,B9,'BvsD_M2'!$C$4:$C$100)+SUMIF('BvsD_M3'!$B$4:$B$100,B9,'BvsD_M3'!$C$4:$C$100)+SUMIF('BvsD_M4'!$B$4:$B$100,B9,'BvsD_M4'!$C$4:$C$100)+SUMIF('BvsD_M5'!$B$4:$B$100,B9,'BvsD_M5'!$C$4:$C$100)+SUMIF('BvsD_M6'!$B$4:$B$100,B9,'BvsD_M6'!$C$4:$C$100)+SUMIF('AvsD_M1'!$B$4:$B$100,B9,'AvsD_M1'!$C$4:$C$100)+SUMIF('AvsD_M2'!$B$4:$B$100,B9,'AvsD_M2'!$C$4:$C$100)+SUMIF('AvsD_M3'!$B$4:$B$100,B9,'AvsD_M3'!$C$4:$C$100)+SUMIF('AvsD_M4'!$B$4:$B$100,B9,'AvsD_M4'!$C$4:$C$100)+SUMIF('AvsD_M5'!$B$4:$B$100,B9,'AvsD_M5'!$C$4:$C$100)+SUMIF('AvsD_M6'!$B$4:$B$100,B9,'AvsD_M6'!$C$4:$C$100)+SUMIF('BvsC_M1'!$B$4:$B$100,B9,'BvsC_M1'!$C$4:$C$100)+SUMIF('BvsC_M2'!$B$4:$B$100,B9,'BvsC_M2'!$C$4:$C$100)+SUMIF('BvsC_M3'!$B$4:$B$100,B9,'BvsC_M3'!$C$4:$C$100)+SUMIF('BvsC_M4'!$B$4:$B$100,B9,'BvsC_M4'!$C$4:$C$100)+SUMIF('BvsC_M5'!$B$4:$B$100,B9,'BvsC_M5'!$C$4:$C$100)+SUMIF('BvsC_M6'!$B$4:$B$100,B9,'BvsC_M6'!$C$4:$C$100) | E9: =SUMIF('AvsB_M1'!$B$4:$B$100,B9,'AvsB_M1'!$D$4:$D$100)+SUMIF('AvsB_M2'!$B$4:$B$100,B9,'AvsB_M2'!$D$4:$D$100)+SUMIF('AvsB_M3'!$B$4:$B$100,B9,'AvsB_M3'!$D$4:$D$100)+SUMIF('AvsB_M4'!$B$4:$B$100,B9,'AvsB_M4'!$D$4:$D$100)+SUMIF('AvsB_M5'!$B$4:$B$100,B9,'AvsB_M5'!$D$4:$D$100)+SUMIF('AvsB_M6'!$B$4:$B$100,B9,'AvsB_M6'!$D$4:$D$100)+SUMIF('CvsD_M1'!$B$4:$B$100,B9,'CvsD_M1'!$D$4:$D$100)+SUMIF('CvsD_M2'!$B$4:$B$100,B9,'CvsD_M2'!$D$4:$D$100)+SUMIF('CvsD_M3'!$B$4:$B$100,B9,'CvsD_M3'!$D$4:$D$100)+SUMIF('CvsD_M4'!$B$4:$B$100,B9,'CvsD_M4'!$D$4:$D$100)+SUMIF('CvsD_M5'!$B$4:$B$100,B9,'CvsD_M5'!$D$4:$D$100)+SUMIF('CvsD_M6'!$B$4:$B$100,B9,'CvsD_M6'!$D$4:$D$100)+SUMIF('AvsC_M1'!$B$4:$B$100,B9,'AvsC_M1'!$D$4:$D$100)+SUMIF('AvsC_M2'!$B$4:$B$100,B9,'AvsC_M2'!$D$4:$D$100)+SUMIF('AvsC_M3'!$B$4:$B$100,B9,'AvsC_M3'!$D$4:$D$100)+SUMIF('AvsC_M4'!$B$4:$B$100,B9,'AvsC_M4'!$D$4:$D$100)+SUMIF('AvsC_M5'!$B$4:$B$100,B9,'AvsC_M5'!$D$4:$D$100)+SUMIF('AvsC_M6'!$B$4:$B$100,B9,'AvsC_M6'!$D$4:$D$100)+SUMIF('BvsD_M1'!$B$4:$B$100,B9,'BvsD_M1'!$D$4:$D$100)+SUMIF('BvsD_M2'!$B$4:$B$100,B9,'BvsD_M2'!$D$4:$D$100)+SUMIF('BvsD_M3'!$B$4:$B$100,B9,'BvsD_M3'!$D$4:$D$100)+SUMIF('BvsD_M4'!$B$4:$B$100,B9,'BvsD_M4'!$D$4:$D$100)+SUMIF('BvsD_M5'!$B$4:$B$100,B9,'BvsD_M5'!$D$4:$D$100)+SUMIF('BvsD_M6'!$B$4:$B$100,B9,'BvsD_M6'!$D$4:$D$100)+SUMIF('AvsD_M1'!$B$4:$B$100,B9,'AvsD_M1'!$D$4:$D$100)+SUMIF('AvsD_M2'!$B$4:$B$100,B9,'AvsD_M2'!$D$4:$D$100)+SUMIF('AvsD_M3'!$B$4:$B$100,B9,'AvsD_M3'!$D$4:$D$100)+SUMIF('AvsD_M4'!$B$4:$B$100,B9,'AvsD_M4'!$D$4:$D$100)+SUMIF('AvsD_M5'!$B$4:$B$100,B9,'AvsD_M5'!$D$4:$D$100)+SUMIF('AvsD_M6'!$B$4:$B$100,B9,'AvsD_M6'!$D$4:$D$100)+SUMIF('BvsC_M1'!$B$4:$B$100,B9,'BvsC_M1'!$D$4:$D$100)+SUMIF('BvsC_M2'!$B$4:$B$100,B9,'BvsC_M2'!$D$4:$D$100)+SUMIF('BvsC_M3'!$B$4:$B$100,B9,'BvsC_M3'!$D$4:$D$100)+SUMIF('BvsC_M4'!$B$4:$B$100,B9,'BvsC_M4'!$D$4:$D$100)+SUMIF('BvsC_M5'!$B$4:$B$100,B9,'BvsC_M5'!$D$4:$D$100)+SUMIF('BvsC_M6'!$B$4:$B$100,B9,'BvsC_M6'!$D$4:$D$100) | F9: =SUMIF('AvsB_M1'!$B$4:$B$100,B9,'AvsB_M1'!$E$4:$E$100)+SUMIF('AvsB_M2'!$B$4:$B$100,B9,'AvsB_M2'!$E$4:$E$100)+SUMIF('AvsB_M3'!$B$4:$B$100,B9,'AvsB_M3'!$E$4:$E$100)+SUMIF('AvsB_M4'!$B$4:$B$100,B9,'AvsB_M4'!$E$4:$E$100)+SUMIF('AvsB_M5'!$B$4:$B$100,B9,'AvsB_M5'!$E$4:$E$100)+SUMIF('AvsB_M6'!$B$4:$B$100,B9,'AvsB_M6'!$E$4:$E$100)+SUMIF('CvsD_M1'!$B$4:$B$100,B9,'CvsD_M1'!$E$4:$E$100)+SUMIF('CvsD_M2'!$B$4:$B$100,B9,'CvsD_M2'!$E$4:$E$100)+SUMIF('CvsD_M3'!$B$4:$B$100,B9,'CvsD_M3'!$E$4:$E$100)+SUMIF('CvsD_M4'!$B$4:$B$100,B9,'CvsD_M4'!$E$4:$E$100)+SUMIF('CvsD_M5'!$B$4:$B$100,B9,'CvsD_M5'!$E$4:$E$100)+SUMIF('CvsD_M6'!$B$4:$B$100,B9,'CvsD_M6'!$E$4:$E$100)+SUMIF('AvsC_M1'!$B$4:$B$100,B9,'AvsC_M1'!$E$4:$E$100)+SUMIF('AvsC_M2'!$B$4:$B$100,B9,'AvsC_M2'!$E$4:$E$100)+SUMIF('AvsC_M3'!$B$4:$B$100,B9,'AvsC_M3'!$E$4:$E$100)+SUMIF('AvsC_M4'!$B$4:$B$100,B9,'AvsC_M4'!$E$4:$E$100)+SUMIF('AvsC_M5'!$B$4:$B$100,B9,'AvsC_M5'!$E$4:$E$100)+SUMIF('AvsC_M6'!$B$4:$B$100,B9,'AvsC_M6'!$E$4:$E$100)+SUMIF('BvsD_M1'!$B$4:$B$100,B9,'BvsD_M1'!$E$4:$E$100)+SUMIF('BvsD_M2'!$B$4:$B$100,B9,'BvsD_M2'!$E$4:$E$100)+SUMIF('BvsD_M3'!$B$4:$B$100,B9,'BvsD_M3'!$E$4:$E$100)+SUMIF('BvsD_M4'!$B$4:$B$100,B9,'BvsD_M4'!$E$4:$E$100)+SUMIF('BvsD_M5'!$B$4:$B$100,B9,'BvsD_M5'!$E$4:$E$100)+SUMIF('BvsD_M6'!$B$4:$B$100,B9,'BvsD_M6'!$E$4:$E$100)+SUMIF('AvsD_M1'!$B$4:$B$100,B9,'AvsD_M1'!$E$4:$E$100)+SUMIF('AvsD_M2'!$B$4:$B$100,B9,'AvsD_M2'!$E$4:$E$100)+SUMIF('AvsD_M3'!$B$4:$B$100,B9,'AvsD_M3'!$E$4:$E$100)+SUMIF('AvsD_M4'!$B$4:$B$100,B9,'AvsD_M4'!$E$4:$E$100)+SUMIF('AvsD_M5'!$B$4:$B$100,B9,'AvsD_M5'!$E$4:$E$100)+SUMIF('AvsD_M6'!$B$4:$B$100,B9,'AvsD_M6'!$E$4:$E$100)+SUMIF('BvsC_M1'!$B$4:$B$100,B9,'BvsC_M1'!$E$4:$E$100)+SUMIF('BvsC_M2'!$B$4:$B$100,B9,'BvsC_M2'!$E$4:$E$100)+SUMIF('BvsC_M3'!$B$4:$B$100,B9,'BvsC_M3'!$E$4:$E$100)+SUMIF('BvsC_M4'!$B$4:$B$100,B9,'BvsC_M4'!$E$4:$E$100)+SUMIF('BvsC_M5'!$B$4:$B$100,B9,'BvsC_M5'!$E$4:$E$100)+SUMIF('BvsC_M6'!$B$4:$B$100,B9,'BvsC_M6'!$E$4:$E$100) | G9: =SUMIF('AvsB_M1'!$B$4:$B$100,B9,'AvsB_M1'!$F$4:$F$100)+SUMIF('AvsB_M2'!$B$4:$B$100,B9,'AvsB_M2'!$F$4:$F$100)+SUMIF('AvsB_M3'!$B$4:$B$100,B9,'AvsB_M3'!$F$4:$F$100)+SUMIF('AvsB_M4'!$B$4:$B$100,B9,'AvsB_M4'!$F$4:$F$100)+SUMIF('AvsB_M5'!$B$4:$B$100,B9,'AvsB_M5'!$F$4:$F$100)+SUMIF('AvsB_M6'!$B$4:$B$100,B9,'AvsB_M6'!$F$4:$F$100)+SUMIF('CvsD_M1'!$B$4:$B$100,B9,'CvsD_M1'!$F$4:$F$100)+SUMIF('CvsD_M2'!$B$4:$B$100,B9,'CvsD_M2'!$F$4:$F$100)+SUMIF('CvsD_M3'!$B$4:$B$100,B9,'CvsD_M3'!$F$4:$F$100)+SUMIF('CvsD_M4'!$B$4:$B$100,B9,'CvsD_M4'!$F$4:$F$100)+SUMIF('CvsD_M5'!$B$4:$B$100,B9,'CvsD_M5'!$F$4:$F$100)+SUMIF('CvsD_M6'!$B$4:$B$100,B9,'CvsD_M6'!$F$4:$F$100)+SUMIF('AvsC_M1'!$B$4:$B$100,B9,'AvsC_M1'!$F$4:$F$100)+SUMIF('AvsC_M2'!$B$4:$B$100,B9,'AvsC_M2'!$F$4:$F$100)+SUMIF('AvsC_M3'!$B$4:$B$100,B9,'AvsC_M3'!$F$4:$F$100)+SUMIF('AvsC_M4'!$B$4:$B$100,B9,'AvsC_M4'!$F$4:$F$100)+SUMIF('AvsC_M5'!$B$4:$B$100,B9,'AvsC_M5'!$F$4:$F$100)+SUMIF('AvsC_M6'!$B$4:$B$100,B9,'AvsC_M6'!$F$4:$F$100)+SUMIF('BvsD_M1'!$B$4:$B$100,B9,'BvsD_M1'!$F$4:$F$100)+SUMIF('BvsD_M2'!$B$4:$B$100,B9,'BvsD_M2'!$F$4:$F$100)+SUMIF('BvsD_M3'!$B$4:$B$100,B9,'BvsD_M3'!$F$4:$F$100)+SUMIF('BvsD_M4'!$B$4:$B$100,B9,'BvsD_M4'!$F$4:$F$100)+SUMIF('BvsD_M5'!$B$4:$B$100,B9,'BvsD_M5'!$F$4:$F$100)+SUMIF('BvsD_M6'!$B$4:$B$100,B9,'BvsD_M6'!$F$4:$F$100)+SUMIF('AvsD_M1'!$B$4:$B$100,B9,'AvsD_M1'!$F$4:$F$100)+SUMIF('AvsD_M2'!$B$4:$B$100,B9,'AvsD_M2'!$F$4:$F$100)+SUMIF('AvsD_M3'!$B$4:$B$100,B9,'AvsD_M3'!$F$4:$F$100)+SUMIF('AvsD_M4'!$B$4:$B$100,B9,'AvsD_M4'!$F$4:$F$100)+SUMIF('AvsD_M5'!$B$4:$B$100,B9,'AvsD_M5'!$F$4:$F$100)+SUMIF('AvsD_M6'!$B$4:$B$100,B9,'AvsD_M6'!$F$4:$F$100)+SUMIF('BvsC_M1'!$B$4:$B$100,B9,'BvsC_M1'!$F$4:$F$100)+SUMIF('BvsC_M2'!$B$4:$B$100,B9,'BvsC_M2'!$F$4:$F$100)+SUMIF('BvsC_M3'!$B$4:$B$100,B9,'BvsC_M3'!$F$4:$F$100)+SUMIF('BvsC_M4'!$B$4:$B$100,B9,'BvsC_M4'!$F$4:$F$100)+SUMIF('BvsC_M5'!$B$4:$B$100,B9,'BvsC_M5'!$F$4:$F$100)+SUMIF('BvsC_M6'!$B$4:$B$100,B9,'BvsC_M6'!$F$4:$F$100) | H9: =SUMIF('AvsB_M1'!$B$4:$B$100,B9,'AvsB_M1'!$G$4:$G$100)+SUMIF('AvsB_M2'!$B$4:$B$100,B9,'AvsB_M2'!$G$4:$G$100)+SUMIF('AvsB_M3'!$B$4:$B$100,B9,'AvsB_M3'!$G$4:$G$100)+SUMIF('AvsB_M4'!$B$4:$B$100,B9,'AvsB_M4'!$G$4:$G$100)+SUMIF('AvsB_M5'!$B$4:$B$100,B9,'AvsB_M5'!$G$4:$G$100)+SUMIF('AvsB_M6'!$B$4:$B$100,B9,'AvsB_M6'!$G$4:$G$100)+SUMIF('CvsD_M1'!$B$4:$B$100,B9,'CvsD_M1'!$G$4:$G$100)+SUMIF('CvsD_M2'!$B$4:$B$100,B9,'CvsD_M2'!$G$4:$G$100)+SUMIF('CvsD_M3'!$B$4:$B$100,B9,'CvsD_M3'!$G$4:$G$100)+SUMIF('CvsD_M4'!$B$4:$B$100,B9,'CvsD_M4'!$G$4:$G$100)+SUMIF('CvsD_M5'!$B$4:$B$100,B9,'CvsD_M5'!$G$4:$G$100)+SUMIF('CvsD_M6'!$B$4:$B$100,B9,'CvsD_M6'!$G$4:$G$100)+SUMIF('AvsC_M1'!$B$4:$B$100,B9,'AvsC_M1'!$G$4:$G$100)+SUMIF('AvsC_M2'!$B$4:$B$100,B9,'AvsC_M2'!$G$4:$G$100)+SUMIF('AvsC_M3'!$B$4:$B$100,B9,'AvsC_M3'!$G$4:$G$100)+SUMIF('AvsC_M4'!$B$4:$B$100,B9,'AvsC_M4'!$G$4:$G$100)+SUMIF('AvsC_M5'!$B$4:$B$100,B9,'AvsC_M5'!$G$4:$G$100)+SUMIF('AvsC_M6'!$B$4:$B$100,B9,'AvsC_M6'!$G$4:$G$100)+SUMIF('BvsD_M1'!$B$4:$B$100,B9,'BvsD_M1'!$G$4:$G$100)+SUMIF('BvsD_M2'!$B$4:$B$100,B9,'BvsD_M2'!$G$4:$G$100)+SUMIF('BvsD_M3'!$B$4:$B$100,B9,'BvsD_M3'!$G$4:$G$100)+SUMIF('BvsD_M4'!$B$4:$B$100,B9,'BvsD_M4'!$G$4:$G$100)+SUMIF('BvsD_M5'!$B$4:$B$100,B9,'BvsD_M5'!$G$4:$G$100)+SUMIF('BvsD_M6'!$B$4:$B$100,B9,'BvsD_M6'!$G$4:$G$100)+SUMIF('AvsD_M1'!$B$4:$B$100,B9,'AvsD_M1'!$G$4:$G$100)+SUMIF('AvsD_M2'!$B$4:$B$100,B9,'AvsD_M2'!$G$4:$G$100)+SUMIF('AvsD_M3'!$B$4:$B$100,B9,'AvsD_M3'!$G$4:$G$100)+SUMIF('AvsD_M4'!$B$4:$B$100,B9,'AvsD_M4'!$G$4:$G$100)+SUMIF('AvsD_M5'!$B$4:$B$100,B9,'AvsD_M5'!$G$4:$G$100)+SUMIF('AvsD_M6'!$B$4:$B$100,B9,'AvsD_M6'!$G$4:$G$100)+SUMIF('BvsC_M1'!$B$4:$B$100,B9,'BvsC_M1'!$G$4:$G$100)+SUMIF('BvsC_M2'!$B$4:$B$100,B9,'BvsC_M2'!$G$4:$G$100)+SUMIF('BvsC_M3'!$B$4:$B$100,B9,'BvsC_M3'!$G$4:$G$100)+SUMIF('BvsC_M4'!$B$4:$B$100,B9,'BvsC_M4'!$G$4:$G$100)+SUMIF('BvsC_M5'!$B$4:$B$100,B9,'BvsC_M5'!$G$4:$G$100)+SUMIF('BvsC_M6'!$B$4:$B$100,B9,'BvsC_M6'!$G$4:$G$100) | I9: =SUMIF('AvsB_M1'!$B$4:$B$100,B9,'AvsB_M1'!$H$4:$H$100)+SUMIF('AvsB_M2'!$B$4:$B$100,B9,'AvsB_M2'!$H$4:$H$100)+SUMIF('AvsB_M3'!$B$4:$B$100,B9,'AvsB_M3'!$H$4:$H$100)+SUMIF('AvsB_M4'!$B$4:$B$100,B9,'AvsB_M4'!$H$4:$H$100)+SUMIF('AvsB_M5'!$B$4:$B$100,B9,'AvsB_M5'!$H$4:$H$100)+SUMIF('AvsB_M6'!$B$4:$B$100,B9,'AvsB_M6'!$H$4:$H$100)+SUMIF('CvsD_M1'!$B$4:$B$100,B9,'CvsD_M1'!$H$4:$H$100)+SUMIF('CvsD_M2'!$B$4:$B$100,B9,'CvsD_M2'!$H$4:$H$100)+SUMIF('CvsD_M3'!$B$4:$B$100,B9,'CvsD_M3'!$H$4:$H$100)+SUMIF('CvsD_M4'!$B$4:$B$100,B9,'CvsD_M4'!$H$4:$H$100)+SUMIF('CvsD_M5'!$B$4:$B$100,B9,'CvsD_M5'!$H$4:$H$100)+SUMIF('CvsD_M6'!$B$4:$B$100,B9,'CvsD_M6'!$H$4:$H$100)+SUMIF('AvsC_M1'!$B$4:$B$100,B9,'AvsC_M1'!$H$4:$H$100)+SUMIF('AvsC_M2'!$B$4:$B$100,B9,'AvsC_M2'!$H$4:$H$100)+SUMIF('AvsC_M3'!$B$4:$B$100,B9,'AvsC_M3'!$H$4:$H$100)+SUMIF('AvsC_M4'!$B$4:$B$100,B9,'AvsC_M4'!$H$4:$H$100)+SUMIF('AvsC_M5'!$B$4:$B$100,B9,'AvsC_M5'!$H$4:$H$100)+SUMIF('AvsC_M6'!$B$4:$B$100,B9,'AvsC_M6'!$H$4:$H$100)+SUMIF('BvsD_M1'!$B$4:$B$100,B9,'BvsD_M1'!$H$4:$H$100)+SUMIF('BvsD_M2'!$B$4:$B$100,B9,'BvsD_M2'!$H$4:$H$100)+SUMIF('BvsD_M3'!$B$4:$B$100,B9,'BvsD_M3'!$H$4:$H$100)+SUMIF('BvsD_M4'!$B$4:$B$100,B9,'BvsD_M4'!$H$4:$H$100)+SUMIF('BvsD_M5'!$B$4:$B$100,B9,'BvsD_M5'!$H$4:$H$100)+SUMIF('BvsD_M6'!$B$4:$B$100,B9,'BvsD_M6'!$H$4:$H$100)+SUMIF('AvsD_M1'!$B$4:$B$100,B9,'AvsD_M1'!$H$4:$H$100)+SUMIF('AvsD_M2'!$B$4:$B$100,B9,'AvsD_M2'!$H$4:$H$100)+SUMIF('AvsD_M3'!$B$4:$B$100,B9,'AvsD_M3'!$H$4:$H$100)+SUMIF('AvsD_M4'!$B$4:$B$100,B9,'AvsD_M4'!$H$4:$H$100)+SUMIF('AvsD_M5'!$B$4:$B$100,B9,'AvsD_M5'!$H$4:$H$100)+SUMIF('AvsD_M6'!$B$4:$B$100,B9,'AvsD_M6'!$H$4:$H$100)+SUMIF('BvsC_M1'!$B$4:$B$100,B9,'BvsC_M1'!$H$4:$H$100)+SUMIF('BvsC_M2'!$B$4:$B$100,B9,'BvsC_M2'!$H$4:$H$100)+SUMIF('BvsC_M3'!$B$4:$B$100,B9,'BvsC_M3'!$H$4:$H$100)+SUMIF('BvsC_M4'!$B$4:$B$100,B9,'BvsC_M4'!$H$4:$H$100)+SUMIF('BvsC_M5'!$B$4:$B$100,B9,'BvsC_M5'!$H$4:$H$100)+SUMIF('BvsC_M6'!$B$4:$B$100,B9,'BvsC_M6'!$H$4:$H$100) | J9: =SUMIF('AvsB_M1'!$B$4:$B$100,B9,'AvsB_M1'!$I$4:$I$100)+SUMIF('AvsB_M2'!$B$4:$B$100,B9,'AvsB_M2'!$I$4:$I$100)+SUMIF('AvsB_M3'!$B$4:$B$100,B9,'AvsB_M3'!$I$4:$I$100)+SUMIF('AvsB_M4'!$B$4:$B$100,B9,'AvsB_M4'!$I$4:$I$100)+SUMIF('AvsB_M5'!$B$4:$B$100,B9,'AvsB_M5'!$I$4:$I$100)+SUMIF('AvsB_M6'!$B$4:$B$100,B9,'AvsB_M6'!$I$4:$I$100)+SUMIF('CvsD_M1'!$B$4:$B$100,B9,'CvsD_M1'!$I$4:$I$100)+SUMIF('CvsD_M2'!$B$4:$B$100,B9,'CvsD_M2'!$I$4:$I$100)+SUMIF('CvsD_M3'!$B$4:$B$100,B9,'CvsD_M3'!$I$4:$I$100)+SUMIF('CvsD_M4'!$B$4:$B$100,B9,'CvsD_M4'!$I$4:$I$100)+SUMIF('CvsD_M5'!$B$4:$B$100,B9,'CvsD_M5'!$I$4:$I$100)+SUMIF('CvsD_M6'!$B$4:$B$100,B9,'CvsD_M6'!$I$4:$I$100)+SUMIF('AvsC_M1'!$B$4:$B$100,B9,'AvsC_M1'!$I$4:$I$100)+SUMIF('AvsC_M2'!$B$4:$B$100,B9,'AvsC_M2'!$I$4:$I$100)+SUMIF('AvsC_M3'!$B$4:$B$100,B9,'AvsC_M3'!$I$4:$I$100)+SUMIF('AvsC_M4'!$B$4:$B$100,B9,'AvsC_M4'!$I$4:$I$100)+SUMIF('AvsC_M5'!$B$4:$B$100,B9,'AvsC_M5'!$I$4:$I$100)+SUMIF('AvsC_M6'!$B$4:$B$100,B9,'AvsC_M6'!$I$4:$I$100)+SUMIF('BvsD_M1'!$B$4:$B$100,B9,'BvsD_M1'!$I$4:$I$100)+SUMIF('BvsD_M2'!$B$4:$B$100,B9,'BvsD_M2'!$I$4:$I$100)+SUMIF('BvsD_M3'!$B$4:$B$100,B9,'BvsD_M3'!$I$4:$I$100)+SUMIF('BvsD_M4'!$B$4:$B$100,B9,'BvsD_M4'!$I$4:$I$100)+SUMIF('BvsD_M5'!$B$4:$B$100,B9,'BvsD_M5'!$I$4:$I$100)+SUMIF('BvsD_M6'!$B$4:$B$100,B9,'BvsD_M6'!$I$4:$I$100)+SUMIF('AvsD_M1'!$B$4:$B$100,B9,'AvsD_M1'!$I$4:$I$100)+SUMIF('AvsD_M2'!$B$4:$B$100,B9,'AvsD_M2'!$I$4:$I$100)+SUMIF('AvsD_M3'!$B$4:$B$100,B9,'AvsD_M3'!$I$4:$I$100)+SUMIF('AvsD_M4'!$B$4:$B$100,B9,'AvsD_M4'!$I$4:$I$100)+SUMIF('AvsD_M5'!$B$4:$B$100,B9,'AvsD_M5'!$I$4:$I$100)+SUMIF('AvsD_M6'!$B$4:$B$100,B9,'AvsD_M6'!$I$4:$I$100)+SUMIF('BvsC_M1'!$B$4:$B$100,B9,'BvsC_M1'!$I$4:$I$100)+SUMIF('BvsC_M2'!$B$4:$B$100,B9,'BvsC_M2'!$I$4:$I$100)+SUMIF('BvsC_M3'!$B$4:$B$100,B9,'BvsC_M3'!$I$4:$I$100)+SUMIF('BvsC_M4'!$B$4:$B$100,B9,'BvsC_M4'!$I$4:$I$100)+SUMIF('BvsC_M5'!$B$4:$B$100,B9,'BvsC_M5'!$I$4:$I$100)+SUMIF('BvsC_M6'!$B$4:$B$100,B9,'BvsC_M6'!$I$4:$I$100)
A10: 7 | B10: KALI-2 | C10: =COUNTIF('AvsB_M1'!$B$4:$B$100,B10)+COUNTIF('AvsB_M2'!$B$4:$B$100,B10)+COUNTIF('AvsB_M3'!$B$4:$B$100,B10)+COUNTIF('AvsB_M4'!$B$4:$B$100,B10)+COUNTIF('AvsB_M5'!$B$4:$B$100,B10)+COUNTIF('AvsB_M6'!$B$4:$B$100,B10)+COUNTIF('CvsD_M1'!$B$4:$B$100,B10)+COUNTIF('CvsD_M2'!$B$4:$B$100,B10)+COUNTIF('CvsD_M3'!$B$4:$B$100,B10)+COUNTIF('CvsD_M4'!$B$4:$B$100,B10)+COUNTIF('CvsD_M5'!$B$4:$B$100,B10)+COUNTIF('CvsD_M6'!$B$4:$B$100,B10)+COUNTIF('AvsC_M1'!$B$4:$B$100,B10)+COUNTIF('AvsC_M2'!$B$4:$B$100,B10)+COUNTIF('AvsC_M3'!$B$4:$B$100,B10)+COUNTIF('AvsC_M4'!$B$4:$B$100,B10)+COUNTIF('AvsC_M5'!$B$4:$B$100,B10)+COUNTIF('AvsC_M6'!$B$4:$B$100,B10)+COUNTIF('BvsD_M1'!$B$4:$B$100,B10)+COUNTIF('BvsD_M2'!$B$4:$B$100,B10)+COUNTIF('BvsD_M3'!$B$4:$B$100,B10)+COUNTIF('BvsD_M4'!$B$4:$B$100,B10)+COUNTIF('BvsD_M5'!$B$4:$B$100,B10)+COUNTIF('BvsD_M6'!$B$4:$B$100,B10)+COUNTIF('AvsD_M1'!$B$4:$B$100,B10)+COUNTIF('AvsD_M2'!$B$4:$B$100,B10)+COUNTIF('AvsD_M3'!$B$4:$B$100,B10)+COUNTIF('AvsD_M4'!$B$4:$B$100,B10)+COUNTIF('AvsD_M5'!$B$4:$B$100,B10)+COUNTIF('AvsD_M6'!$B$4:$B$100,B10)+COUNTIF('BvsC_M1'!$B$4:$B$100,B10)+COUNTIF('BvsC_M2'!$B$4:$B$100,B10)+COUNTIF('BvsC_M3'!$B$4:$B$100,B10)+COUNTIF('BvsC_M4'!$B$4:$B$100,B10)+COUNTIF('BvsC_M5'!$B$4:$B$100,B10)+COUNTIF('BvsC_M6'!$B$4:$B$100,B10) | D10: =SUMIF('AvsB_M1'!$B$4:$B$100,B10,'AvsB_M1'!$C$4:$C$100)+SUMIF('AvsB_M2'!$B$4:$B$100,B10,'AvsB_M2'!$C$4:$C$100)+SUMIF('AvsB_M3'!$B$4:$B$100,B10,'AvsB_M3'!$C$4:$C$100)+SUMIF('AvsB_M4'!$B$4:$B$100,B10,'AvsB_M4'!$C$4:$C$100)+SUMIF('AvsB_M5'!$B$4:$B$100,B10,'AvsB_M5'!$C$4:$C$100)+SUMIF('AvsB_M6'!$B$4:$B$100,B10,'AvsB_M6'!$C$4:$C$100)+SUMIF('CvsD_M1'!$B$4:$B$100,B10,'CvsD_M1'!$C$4:$C$100)+SUMIF('CvsD_M2'!$B$4:$B$100,B10,'CvsD_M2'!$C$4:$C$100)+SUMIF('CvsD_M3'!$B$4:$B$100,B10,'CvsD_M3'!$C$4:$C$100)+SUMIF('CvsD_M4'!$B$4:$B$100,B10,'CvsD_M4'!$C$4:$C$100)+SUMIF('CvsD_M5'!$B$4:$B$100,B10,'CvsD_M5'!$C$4:$C$100)+SUMIF('CvsD_M6'!$B$4:$B$100,B10,'CvsD_M6'!$C$4:$C$100)+SUMIF('AvsC_M1'!$B$4:$B$100,B10,'AvsC_M1'!$C$4:$C$100)+SUMIF('AvsC_M2'!$B$4:$B$100,B10,'AvsC_M2'!$C$4:$C$100)+SUMIF('AvsC_M3'!$B$4:$B$100,B10,'AvsC_M3'!$C$4:$C$100)+SUMIF('AvsC_M4'!$B$4:$B$100,B10,'AvsC_M4'!$C$4:$C$100)+SUMIF('AvsC_M5'!$B$4:$B$100,B10,'AvsC_M5'!$C$4:$C$100)+SUMIF('AvsC_M6'!$B$4:$B$100,B10,'AvsC_M6'!$C$4:$C$100)+SUMIF('BvsD_M1'!$B$4:$B$100,B10,'BvsD_M1'!$C$4:$C$100)+SUMIF('BvsD_M2'!$B$4:$B$100,B10,'BvsD_M2'!$C$4:$C$100)+SUMIF('BvsD_M3'!$B$4:$B$100,B10,'BvsD_M3'!$C$4:$C$100)+SUMIF('BvsD_M4'!$B$4:$B$100,B10,'BvsD_M4'!$C$4:$C$100)+SUMIF('BvsD_M5'!$B$4:$B$100,B10,'BvsD_M5'!$C$4:$C$100)+SUMIF('BvsD_M6'!$B$4:$B$100,B10,'BvsD_M6'!$C$4:$C$100)+SUMIF('AvsD_M1'!$B$4:$B$100,B10,'AvsD_M1'!$C$4:$C$100)+SUMIF('AvsD_M2'!$B$4:$B$100,B10,'AvsD_M2'!$C$4:$C$100)+SUMIF('AvsD_M3'!$B$4:$B$100,B10,'AvsD_M3'!$C$4:$C$100)+SUMIF('AvsD_M4'!$B$4:$B$100,B10,'AvsD_M4'!$C$4:$C$100)+SUMIF('AvsD_M5'!$B$4:$B$100,B10,'AvsD_M5'!$C$4:$C$100)+SUMIF('AvsD_M6'!$B$4:$B$100,B10,'AvsD_M6'!$C$4:$C$100)+SUMIF('BvsC_M1'!$B$4:$B$100,B10,'BvsC_M1'!$C$4:$C$100)+SUMIF('BvsC_M2'!$B$4:$B$100,B10,'BvsC_M2'!$C$4:$C$100)+SUMIF('BvsC_M3'!$B$4:$B$100,B10,'BvsC_M3'!$C$4:$C$100)+SUMIF('BvsC_M4'!$B$4:$B$100,B10,'BvsC_M4'!$C$4:$C$100)+SUMIF('BvsC_M5'!$B$4:$B$100,B10,'BvsC_M5'!$C$4:$C$100)+SUMIF('BvsC_M6'!$B$4:$B$100,B10,'BvsC_M6'!$C$4:$C$100) | E10: =SUMIF('AvsB_M1'!$B$4:$B$100,B10,'AvsB_M1'!$D$4:$D$100)+SUMIF('AvsB_M2'!$B$4:$B$100,B10,'AvsB_M2'!$D$4:$D$100)+SUMIF('AvsB_M3'!$B$4:$B$100,B10,'AvsB_M3'!$D$4:$D$100)+SUMIF('AvsB_M4'!$B$4:$B$100,B10,'AvsB_M4'!$D$4:$D$100)+SUMIF('AvsB_M5'!$B$4:$B$100,B10,'AvsB_M5'!$D$4:$D$100)+SUMIF('AvsB_M6'!$B$4:$B$100,B10,'AvsB_M6'!$D$4:$D$100)+SUMIF('CvsD_M1'!$B$4:$B$100,B10,'CvsD_M1'!$D$4:$D$100)+SUMIF('CvsD_M2'!$B$4:$B$100,B10,'CvsD_M2'!$D$4:$D$100)+SUMIF('CvsD_M3'!$B$4:$B$100,B10,'CvsD_M3'!$D$4:$D$100)+SUMIF('CvsD_M4'!$B$4:$B$100,B10,'CvsD_M4'!$D$4:$D$100)+SUMIF('CvsD_M5'!$B$4:$B$100,B10,'CvsD_M5'!$D$4:$D$100)+SUMIF('CvsD_M6'!$B$4:$B$100,B10,'CvsD_M6'!$D$4:$D$100)+SUMIF('AvsC_M1'!$B$4:$B$100,B10,'AvsC_M1'!$D$4:$D$100)+SUMIF('AvsC_M2'!$B$4:$B$100,B10,'AvsC_M2'!$D$4:$D$100)+SUMIF('AvsC_M3'!$B$4:$B$100,B10,'AvsC_M3'!$D$4:$D$100)+SUMIF('AvsC_M4'!$B$4:$B$100,B10,'AvsC_M4'!$D$4:$D$100)+SUMIF('AvsC_M5'!$B$4:$B$100,B10,'AvsC_M5'!$D$4:$D$100)+SUMIF('AvsC_M6'!$B$4:$B$100,B10,'AvsC_M6'!$D$4:$D$100)+SUMIF('BvsD_M1'!$B$4:$B$100,B10,'BvsD_M1'!$D$4:$D$100)+SUMIF('BvsD_M2'!$B$4:$B$100,B10,'BvsD_M2'!$D$4:$D$100)+SUMIF('BvsD_M3'!$B$4:$B$100,B10,'BvsD_M3'!$D$4:$D$100)+SUMIF('BvsD_M4'!$B$4:$B$100,B10,'BvsD_M4'!$D$4:$D$100)+SUMIF('BvsD_M5'!$B$4:$B$100,B10,'BvsD_M5'!$D$4:$D$100)+SUMIF('BvsD_M6'!$B$4:$B$100,B10,'BvsD_M6'!$D$4:$D$100)+SUMIF('AvsD_M1'!$B$4:$B$100,B10,'AvsD_M1'!$D$4:$D$100)+SUMIF('AvsD_M2'!$B$4:$B$100,B10,'AvsD_M2'!$D$4:$D$100)+SUMIF('AvsD_M3'!$B$4:$B$100,B10,'AvsD_M3'!$D$4:$D$100)+SUMIF('AvsD_M4'!$B$4:$B$100,B10,'AvsD_M4'!$D$4:$D$100)+SUMIF('AvsD_M5'!$B$4:$B$100,B10,'AvsD_M5'!$D$4:$D$100)+SUMIF('AvsD_M6'!$B$4:$B$100,B10,'AvsD_M6'!$D$4:$D$100)+SUMIF('BvsC_M1'!$B$4:$B$100,B10,'BvsC_M1'!$D$4:$D$100)+SUMIF('BvsC_M2'!$B$4:$B$100,B10,'BvsC_M2'!$D$4:$D$100)+SUMIF('BvsC_M3'!$B$4:$B$100,B10,'BvsC_M3'!$D$4:$D$100)+SUMIF('BvsC_M4'!$B$4:$B$100,B10,'BvsC_M4'!$D$4:$D$100)+SUMIF('BvsC_M5'!$B$4:$B$100,B10,'BvsC_M5'!$D$4:$D$100)+SUMIF('BvsC_M6'!$B$4:$B$100,B10,'BvsC_M6'!$D$4:$D$100) | F10: =SUMIF('AvsB_M1'!$B$4:$B$100,B10,'AvsB_M1'!$E$4:$E$100)+SUMIF('AvsB_M2'!$B$4:$B$100,B10,'AvsB_M2'!$E$4:$E$100)+SUMIF('AvsB_M3'!$B$4:$B$100,B10,'AvsB_M3'!$E$4:$E$100)+SUMIF('AvsB_M4'!$B$4:$B$100,B10,'AvsB_M4'!$E$4:$E$100)+SUMIF('AvsB_M5'!$B$4:$B$100,B10,'AvsB_M5'!$E$4:$E$100)+SUMIF('AvsB_M6'!$B$4:$B$100,B10,'AvsB_M6'!$E$4:$E$100)+SUMIF('CvsD_M1'!$B$4:$B$100,B10,'CvsD_M1'!$E$4:$E$100)+SUMIF('CvsD_M2'!$B$4:$B$100,B10,'CvsD_M2'!$E$4:$E$100)+SUMIF('CvsD_M3'!$B$4:$B$100,B10,'CvsD_M3'!$E$4:$E$100)+SUMIF('CvsD_M4'!$B$4:$B$100,B10,'CvsD_M4'!$E$4:$E$100)+SUMIF('CvsD_M5'!$B$4:$B$100,B10,'CvsD_M5'!$E$4:$E$100)+SUMIF('CvsD_M6'!$B$4:$B$100,B10,'CvsD_M6'!$E$4:$E$100)+SUMIF('AvsC_M1'!$B$4:$B$100,B10,'AvsC_M1'!$E$4:$E$100)+SUMIF('AvsC_M2'!$B$4:$B$100,B10,'AvsC_M2'!$E$4:$E$100)+SUMIF('AvsC_M3'!$B$4:$B$100,B10,'AvsC_M3'!$E$4:$E$100)+SUMIF('AvsC_M4'!$B$4:$B$100,B10,'AvsC_M4'!$E$4:$E$100)+SUMIF('AvsC_M5'!$B$4:$B$100,B10,'AvsC_M5'!$E$4:$E$100)+SUMIF('AvsC_M6'!$B$4:$B$100,B10,'AvsC_M6'!$E$4:$E$100)+SUMIF('BvsD_M1'!$B$4:$B$100,B10,'BvsD_M1'!$E$4:$E$100)+SUMIF('BvsD_M2'!$B$4:$B$100,B10,'BvsD_M2'!$E$4:$E$100)+SUMIF('BvsD_M3'!$B$4:$B$100,B10,'BvsD_M3'!$E$4:$E$100)+SUMIF('BvsD_M4'!$B$4:$B$100,B10,'BvsD_M4'!$E$4:$E$100)+SUMIF('BvsD_M5'!$B$4:$B$100,B10,'BvsD_M5'!$E$4:$E$100)+SUMIF('BvsD_M6'!$B$4:$B$100,B10,'BvsD_M6'!$E$4:$E$100)+SUMIF('AvsD_M1'!$B$4:$B$100,B10,'AvsD_M1'!$E$4:$E$100)+SUMIF('AvsD_M2'!$B$4:$B$100,B10,'AvsD_M2'!$E$4:$E$100)+SUMIF('AvsD_M3'!$B$4:$B$100,B10,'AvsD_M3'!$E$4:$E$100)+SUMIF('AvsD_M4'!$B$4:$B$100,B10,'AvsD_M4'!$E$4:$E$100)+SUMIF('AvsD_M5'!$B$4:$B$100,B10,'AvsD_M5'!$E$4:$E$100)+SUMIF('AvsD_M6'!$B$4:$B$100,B10,'AvsD_M6'!$E$4:$E$100)+SUMIF('BvsC_M1'!$B$4:$B$100,B10,'BvsC_M1'!$E$4:$E$100)+SUMIF('BvsC_M2'!$B$4:$B$100,B10,'BvsC_M2'!$E$4:$E$100)+SUMIF('BvsC_M3'!$B$4:$B$100,B10,'BvsC_M3'!$E$4:$E$100)+SUMIF('BvsC_M4'!$B$4:$B$100,B10,'BvsC_M4'!$E$4:$E$100)+SUMIF('BvsC_M5'!$B$4:$B$100,B10,'BvsC_M5'!$E$4:$E$100)+SUMIF('BvsC_M6'!$B$4:$B$100,B10,'BvsC_M6'!$E$4:$E$100) | G10: =SUMIF('AvsB_M1'!$B$4:$B$100,B10,'AvsB_M1'!$F$4:$F$100)+SUMIF('AvsB_M2'!$B$4:$B$100,B10,'AvsB_M2'!$F$4:$F$100)+SUMIF('AvsB_M3'!$B$4:$B$100,B10,'AvsB_M3'!$F$4:$F$100)+SUMIF('AvsB_M4'!$B$4:$B$100,B10,'AvsB_M4'!$F$4:$F$100)+SUMIF('AvsB_M5'!$B$4:$B$100,B10,'AvsB_M5'!$F$4:$F$100)+SUMIF('AvsB_M6'!$B$4:$B$100,B10,'AvsB_M6'!$F$4:$F$100)+SUMIF('CvsD_M1'!$B$4:$B$100,B10,'CvsD_M1'!$F$4:$F$100)+SUMIF('CvsD_M2'!$B$4:$B$100,B10,'CvsD_M2'!$F$4:$F$100)+SUMIF('CvsD_M3'!$B$4:$B$100,B10,'CvsD_M3'!$F$4:$F$100)+SUMIF('CvsD_M4'!$B$4:$B$100,B10,'CvsD_M4'!$F$4:$F$100)+SUMIF('CvsD_M5'!$B$4:$B$100,B10,'CvsD_M5'!$F$4:$F$100)+SUMIF('CvsD_M6'!$B$4:$B$100,B10,'CvsD_M6'!$F$4:$F$100)+SUMIF('AvsC_M1'!$B$4:$B$100,B10,'AvsC_M1'!$F$4:$F$100)+SUMIF('AvsC_M2'!$B$4:$B$100,B10,'AvsC_M2'!$F$4:$F$100)+SUMIF('AvsC_M3'!$B$4:$B$100,B10,'AvsC_M3'!$F$4:$F$100)+SUMIF('AvsC_M4'!$B$4:$B$100,B10,'AvsC_M4'!$F$4:$F$100)+SUMIF('AvsC_M5'!$B$4:$B$100,B10,'AvsC_M5'!$F$4:$F$100)+SUMIF('AvsC_M6'!$B$4:$B$100,B10,'AvsC_M6'!$F$4:$F$100)+SUMIF('BvsD_M1'!$B$4:$B$100,B10,'BvsD_M1'!$F$4:$F$100)+SUMIF('BvsD_M2'!$B$4:$B$100,B10,'BvsD_M2'!$F$4:$F$100)+SUMIF('BvsD_M3'!$B$4:$B$100,B10,'BvsD_M3'!$F$4:$F$100)+SUMIF('BvsD_M4'!$B$4:$B$100,B10,'BvsD_M4'!$F$4:$F$100)+SUMIF('BvsD_M5'!$B$4:$B$100,B10,'BvsD_M5'!$F$4:$F$100)+SUMIF('BvsD_M6'!$B$4:$B$100,B10,'BvsD_M6'!$F$4:$F$100)+SUMIF('AvsD_M1'!$B$4:$B$100,B10,'AvsD_M1'!$F$4:$F$100)+SUMIF('AvsD_M2'!$B$4:$B$100,B10,'AvsD_M2'!$F$4:$F$100)+SUMIF('AvsD_M3'!$B$4:$B$100,B10,'AvsD_M3'!$F$4:$F$100)+SUMIF('AvsD_M4'!$B$4:$B$100,B10,'AvsD_M4'!$F$4:$F$100)+SUMIF('AvsD_M5'!$B$4:$B$100,B10,'AvsD_M5'!$F$4:$F$100)+SUMIF('AvsD_M6'!$B$4:$B$100,B10,'AvsD_M6'!$F$4:$F$100)+SUMIF('BvsC_M1'!$B$4:$B$100,B10,'BvsC_M1'!$F$4:$F$100)+SUMIF('BvsC_M2'!$B$4:$B$100,B10,'BvsC_M2'!$F$4:$F$100)+SUMIF('BvsC_M3'!$B$4:$B$100,B10,'BvsC_M3'!$F$4:$F$100)+SUMIF('BvsC_M4'!$B$4:$B$100,B10,'BvsC_M4'!$F$4:$F$100)+SUMIF('BvsC_M5'!$B$4:$B$100,B10,'BvsC_M5'!$F$4:$F$100)+SUMIF('BvsC_M6'!$B$4:$B$100,B10,'BvsC_M6'!$F$4:$F$100) | H10: =SUMIF('AvsB_M1'!$B$4:$B$100,B10,'AvsB_M1'!$G$4:$G$100)+SUMIF('AvsB_M2'!$B$4:$B$100,B10,'AvsB_M2'!$G$4:$G$100)+SUMIF('AvsB_M3'!$B$4:$B$100,B10,'AvsB_M3'!$G$4:$G$100)+SUMIF('AvsB_M4'!$B$4:$B$100,B10,'AvsB_M4'!$G$4:$G$100)+SUMIF('AvsB_M5'!$B$4:$B$100,B10,'AvsB_M5'!$G$4:$G$100)+SUMIF('AvsB_M6'!$B$4:$B$100,B10,'AvsB_M6'!$G$4:$G$100)+SUMIF('CvsD_M1'!$B$4:$B$100,B10,'CvsD_M1'!$G$4:$G$100)+SUMIF('CvsD_M2'!$B$4:$B$100,B10,'CvsD_M2'!$G$4:$G$100)+SUMIF('CvsD_M3'!$B$4:$B$100,B10,'CvsD_M3'!$G$4:$G$100)+SUMIF('CvsD_M4'!$B$4:$B$100,B10,'CvsD_M4'!$G$4:$G$100)+SUMIF('CvsD_M5'!$B$4:$B$100,B10,'CvsD_M5'!$G$4:$G$100)+SUMIF('CvsD_M6'!$B$4:$B$100,B10,'CvsD_M6'!$G$4:$G$100)+SUMIF('AvsC_M1'!$B$4:$B$100,B10,'AvsC_M1'!$G$4:$G$100)+SUMIF('AvsC_M2'!$B$4:$B$100,B10,'AvsC_M2'!$G$4:$G$100)+SUMIF('AvsC_M3'!$B$4:$B$100,B10,'AvsC_M3'!$G$4:$G$100)+SUMIF('AvsC_M4'!$B$4:$B$100,B10,'AvsC_M4'!$G$4:$G$100)+SUMIF('AvsC_M5'!$B$4:$B$100,B10,'AvsC_M5'!$G$4:$G$100)+SUMIF('AvsC_M6'!$B$4:$B$100,B10,'AvsC_M6'!$G$4:$G$100)+SUMIF('BvsD_M1'!$B$4:$B$100,B10,'BvsD_M1'!$G$4:$G$100)+SUMIF('BvsD_M2'!$B$4:$B$100,B10,'BvsD_M2'!$G$4:$G$100)+SUMIF('BvsD_M3'!$B$4:$B$100,B10,'BvsD_M3'!$G$4:$G$100)+SUMIF('BvsD_M4'!$B$4:$B$100,B10,'BvsD_M4'!$G$4:$G$100)+SUMIF('BvsD_M5'!$B$4:$B$100,B10,'BvsD_M5'!$G$4:$G$100)+SUMIF('BvsD_M6'!$B$4:$B$100,B10,'BvsD_M6'!$G$4:$G$100)+SUMIF('AvsD_M1'!$B$4:$B$100,B10,'AvsD_M1'!$G$4:$G$100)+SUMIF('AvsD_M2'!$B$4:$B$100,B10,'AvsD_M2'!$G$4:$G$100)+SUMIF('AvsD_M3'!$B$4:$B$100,B10,'AvsD_M3'!$G$4:$G$100)+SUMIF('AvsD_M4'!$B$4:$B$100,B10,'AvsD_M4'!$G$4:$G$100)+SUMIF('AvsD_M5'!$B$4:$B$100,B10,'AvsD_M5'!$G$4:$G$100)+SUMIF('AvsD_M6'!$B$4:$B$100,B10,'AvsD_M6'!$G$4:$G$100)+SUMIF('BvsC_M1'!$B$4:$B$100,B10,'BvsC_M1'!$G$4:$G$100)+SUMIF('BvsC_M2'!$B$4:$B$100,B10,'BvsC_M2'!$G$4:$G$100)+SUMIF('BvsC_M3'!$B$4:$B$100,B10,'BvsC_M3'!$G$4:$G$100)+SUMIF('BvsC_M4'!$B$4:$B$100,B10,'BvsC_M4'!$G$4:$G$100)+SUMIF('BvsC_M5'!$B$4:$B$100,B10,'BvsC_M5'!$G$4:$G$100)+SUMIF('BvsC_M6'!$B$4:$B$100,B10,'BvsC_M6'!$G$4:$G$100) | I10: =SUMIF('AvsB_M1'!$B$4:$B$100,B10,'AvsB_M1'!$H$4:$H$100)+SUMIF('AvsB_M2'!$B$4:$B$100,B10,'AvsB_M2'!$H$4:$H$100)+SUMIF('AvsB_M3'!$B$4:$B$100,B10,'AvsB_M3'!$H$4:$H$100)+SUMIF('AvsB_M4'!$B$4:$B$100,B10,'AvsB_M4'!$H$4:$H$100)+SUMIF('AvsB_M5'!$B$4:$B$100,B10,'AvsB_M5'!$H$4:$H$100)+SUMIF('AvsB_M6'!$B$4:$B$100,B10,'AvsB_M6'!$H$4:$H$100)+SUMIF('CvsD_M1'!$B$4:$B$100,B10,'CvsD_M1'!$H$4:$H$100)+SUMIF('CvsD_M2'!$B$4:$B$100,B10,'CvsD_M2'!$H$4:$H$100)+SUMIF('CvsD_M3'!$B$4:$B$100,B10,'CvsD_M3'!$H$4:$H$100)+SUMIF('CvsD_M4'!$B$4:$B$100,B10,'CvsD_M4'!$H$4:$H$100)+SUMIF('CvsD_M5'!$B$4:$B$100,B10,'CvsD_M5'!$H$4:$H$100)+SUMIF('CvsD_M6'!$B$4:$B$100,B10,'CvsD_M6'!$H$4:$H$100)+SUMIF('AvsC_M1'!$B$4:$B$100,B10,'AvsC_M1'!$H$4:$H$100)+SUMIF('AvsC_M2'!$B$4:$B$100,B10,'AvsC_M2'!$H$4:$H$100)+SUMIF('AvsC_M3'!$B$4:$B$100,B10,'AvsC_M3'!$H$4:$H$100)+SUMIF('AvsC_M4'!$B$4:$B$100,B10,'AvsC_M4'!$H$4:$H$100)+SUMIF('AvsC_M5'!$B$4:$B$100,B10,'AvsC_M5'!$H$4:$H$100)+SUMIF('AvsC_M6'!$B$4:$B$100,B10,'AvsC_M6'!$H$4:$H$100)+SUMIF('BvsD_M1'!$B$4:$B$100,B10,'BvsD_M1'!$H$4:$H$100)+SUMIF('BvsD_M2'!$B$4:$B$100,B10,'BvsD_M2'!$H$4:$H$100)+SUMIF('BvsD_M3'!$B$4:$B$100,B10,'BvsD_M3'!$H$4:$H$100)+SUMIF('BvsD_M4'!$B$4:$B$100,B10,'BvsD_M4'!$H$4:$H$100)+SUMIF('BvsD_M5'!$B$4:$B$100,B10,'BvsD_M5'!$H$4:$H$100)+SUMIF('BvsD_M6'!$B$4:$B$100,B10,'BvsD_M6'!$H$4:$H$100)+SUMIF('AvsD_M1'!$B$4:$B$100,B10,'AvsD_M1'!$H$4:$H$100)+SUMIF('AvsD_M2'!$B$4:$B$100,B10,'AvsD_M2'!$H$4:$H$100)+SUMIF('AvsD_M3'!$B$4:$B$100,B10,'AvsD_M3'!$H$4:$H$100)+SUMIF('AvsD_M4'!$B$4:$B$100,B10,'AvsD_M4'!$H$4:$H$100)+SUMIF('AvsD_M5'!$B$4:$B$100,B10,'AvsD_M5'!$H$4:$H$100)+SUMIF('AvsD_M6'!$B$4:$B$100,B10,'AvsD_M6'!$H$4:$H$100)+SUMIF('BvsC_M1'!$B$4:$B$100,B10,'BvsC_M1'!$H$4:$H$100)+SUMIF('BvsC_M2'!$B$4:$B$100,B10,'BvsC_M2'!$H$4:$H$100)+SUMIF('BvsC_M3'!$B$4:$B$100,B10,'BvsC_M3'!$H$4:$H$100)+SUMIF('BvsC_M4'!$B$4:$B$100,B10,'BvsC_M4'!$H$4:$H$100)+SUMIF('BvsC_M5'!$B$4:$B$100,B10,'BvsC_M5'!$H$4:$H$100)+SUMIF('BvsC_M6'!$B$4:$B$100,B10,'BvsC_M6'!$H$4:$H$100) | J10: =SUMIF('AvsB_M1'!$B$4:$B$100,B10,'AvsB_M1'!$I$4:$I$100)+SUMIF('AvsB_M2'!$B$4:$B$100,B10,'AvsB_M2'!$I$4:$I$100)+SUMIF('AvsB_M3'!$B$4:$B$100,B10,'AvsB_M3'!$I$4:$I$100)+SUMIF('AvsB_M4'!$B$4:$B$100,B10,'AvsB_M4'!$I$4:$I$100)+SUMIF('AvsB_M5'!$B$4:$B$100,B10,'AvsB_M5'!$I$4:$I$100)+SUMIF('AvsB_M6'!$B$4:$B$100,B10,'AvsB_M6'!$I$4:$I$100)+SUMIF('CvsD_M1'!$B$4:$B$100,B10,'CvsD_M1'!$I$4:$I$100)+SUMIF('CvsD_M2'!$B$4:$B$100,B10,'CvsD_M2'!$I$4:$I$100)+SUMIF('CvsD_M3'!$B$4:$B$100,B10,'CvsD_M3'!$I$4:$I$100)+SUMIF('CvsD_M4'!$B$4:$B$100,B10,'CvsD_M4'!$I$4:$I$100)+SUMIF('CvsD_M5'!$B$4:$B$100,B10,'CvsD_M5'!$I$4:$I$100)+SUMIF('CvsD_M6'!$B$4:$B$100,B10,'CvsD_M6'!$I$4:$I$100)+SUMIF('AvsC_M1'!$B$4:$B$100,B10,'AvsC_M1'!$I$4:$I$100)+SUMIF('AvsC_M2'!$B$4:$B$100,B10,'AvsC_M2'!$I$4:$I$100)+SUMIF('AvsC_M3'!$B$4:$B$100,B10,'AvsC_M3'!$I$4:$I$100)+SUMIF('AvsC_M4'!$B$4:$B$100,B10,'AvsC_M4'!$I$4:$I$100)+SUMIF('AvsC_M5'!$B$4:$B$100,B10,'AvsC_M5'!$I$4:$I$100)+SUMIF('AvsC_M6'!$B$4:$B$100,B10,'AvsC_M6'!$I$4:$I$100)+SUMIF('BvsD_M1'!$B$4:$B$100,B10,'BvsD_M1'!$I$4:$I$100)+SUMIF('BvsD_M2'!$B$4:$B$100,B10,'BvsD_M2'!$I$4:$I$100)+SUMIF('BvsD_M3'!$B$4:$B$100,B10,'BvsD_M3'!$I$4:$I$100)+SUMIF('BvsD_M4'!$B$4:$B$100,B10,'BvsD_M4'!$I$4:$I$100)+SUMIF('BvsD_M5'!$B$4:$B$100,B10,'BvsD_M5'!$I$4:$I$100)+SUMIF('BvsD_M6'!$B$4:$B$100,B10,'BvsD_M6'!$I$4:$I$100)+SUMIF('AvsD_M1'!$B$4:$B$100,B10,'AvsD_M1'!$I$4:$I$100)+SUMIF('AvsD_M2'!$B$4:$B$100,B10,'AvsD_M2'!$I$4:$I$100)+SUMIF('AvsD_M3'!$B$4:$B$100,B10,'AvsD_M3'!$I$4:$I$100)+SUMIF('AvsD_M4'!$B$4:$B$100,B10,'AvsD_M4'!$I$4:$I$100)+SUMIF('AvsD_M5'!$B$4:$B$100,B10,'AvsD_M5'!$I$4:$I$100)+SUMIF('AvsD_M6'!$B$4:$B$100,B10,'AvsD_M6'!$I$4:$I$100)+SUMIF('BvsC_M1'!$B$4:$B$100,B10,'BvsC_M1'!$I$4:$I$100)+SUMIF('BvsC_M2'!$B$4:$B$100,B10,'BvsC_M2'!$I$4:$I$100)+SUMIF('BvsC_M3'!$B$4:$B$100,B10,'BvsC_M3'!$I$4:$I$100)+SUMIF('BvsC_M4'!$B$4:$B$100,B10,'BvsC_M4'!$I$4:$I$100)+SUMIF('BvsC_M5'!$B$4:$B$100,B10,'BvsC_M5'!$I$4:$I$100)+SUMIF('BvsC_M6'!$B$4:$B$100,B10,'BvsC_M6'!$I$4:$I$100)
A11: 8 | B11: POWER HOUSE | C11: =COUNTIF('AvsB_M1'!$B$4:$B$100,B11)+COUNTIF('AvsB_M2'!$B$4:$B$100,B11)+COUNTIF('AvsB_M3'!$B$4:$B$100,B11)+COUNTIF('AvsB_M4'!$B$4:$B$100,B11)+COUNTIF('AvsB_M5'!$B$4:$B$100,B11)+COUNTIF('AvsB_M6'!$B$4:$B$100,B11)+COUNTIF('CvsD_M1'!$B$4:$B$100,B11)+COUNTIF('CvsD_M2'!$B$4:$B$100,B11)+COUNTIF('CvsD_M3'!$B$4:$B$100,B11)+COUNTIF('CvsD_M4'!$B$4:$B$100,B11)+COUNTIF('CvsD_M5'!$B$4:$B$100,B11)+COUNTIF('CvsD_M6'!$B$4:$B$100,B11)+COUNTIF('AvsC_M1'!$B$4:$B$100,B11)+COUNTIF('AvsC_M2'!$B$4:$B$100,B11)+COUNTIF('AvsC_M3'!$B$4:$B$100,B11)+COUNTIF('AvsC_M4'!$B$4:$B$100,B11)+COUNTIF('AvsC_M5'!$B$4:$B$100,B11)+COUNTIF('AvsC_M6'!$B$4:$B$100,B11)+COUNTIF('BvsD_M1'!$B$4:$B$100,B11)+COUNTIF('BvsD_M2'!$B$4:$B$100,B11)+COUNTIF('BvsD_M3'!$B$4:$B$100,B11)+COUNTIF('BvsD_M4'!$B$4:$B$100,B11)+COUNTIF('BvsD_M5'!$B$4:$B$100,B11)+COUNTIF('BvsD_M6'!$B$4:$B$100,B11)+COUNTIF('AvsD_M1'!$B$4:$B$100,B11)+COUNTIF('AvsD_M2'!$B$4:$B$100,B11)+COUNTIF('AvsD_M3'!$B$4:$B$100,B11)+COUNTIF('AvsD_M4'!$B$4:$B$100,B11)+COUNTIF('AvsD_M5'!$B$4:$B$100,B11)+COUNTIF('AvsD_M6'!$B$4:$B$100,B11)+COUNTIF('BvsC_M1'!$B$4:$B$100,B11)+COUNTIF('BvsC_M2'!$B$4:$B$100,B11)+COUNTIF('BvsC_M3'!$B$4:$B$100,B11)+COUNTIF('BvsC_M4'!$B$4:$B$100,B11)+COUNTIF('BvsC_M5'!$B$4:$B$100,B11)+COUNTIF('BvsC_M6'!$B$4:$B$100,B11) | D11: =SUMIF('AvsB_M1'!$B$4:$B$100,B11,'AvsB_M1'!$C$4:$C$100)+SUMIF('AvsB_M2'!$B$4:$B$100,B11,'AvsB_M2'!$C$4:$C$100)+SUMIF('AvsB_M3'!$B$4:$B$100,B11,'AvsB_M3'!$C$4:$C$100)+SUMIF('AvsB_M4'!$B$4:$B$100,B11,'AvsB_M4'!$C$4:$C$100)+SUMIF('AvsB_M5'!$B$4:$B$100,B11,'AvsB_M5'!$C$4:$C$100)+SUMIF('AvsB_M6'!$B$4:$B$100,B11,'AvsB_M6'!$C$4:$C$100)+SUMIF('CvsD_M1'!$B$4:$B$100,B11,'CvsD_M1'!$C$4:$C$100)+SUMIF('CvsD_M2'!$B$4:$B$100,B11,'CvsD_M2'!$C$4:$C$100)+SUMIF('CvsD_M3'!$B$4:$B$100,B11,'CvsD_M3'!$C$4:$C$100)+SUMIF('CvsD_M4'!$B$4:$B$100,B11,'CvsD_M4'!$C$4:$C$100)+SUMIF('CvsD_M5'!$B$4:$B$100,B11,'CvsD_M5'!$C$4:$C$100)+SUMIF('CvsD_M6'!$B$4:$B$100,B11,'CvsD_M6'!$C$4:$C$100)+SUMIF('AvsC_M1'!$B$4:$B$100,B11,'AvsC_M1'!$C$4:$C$100)+SUMIF('AvsC_M2'!$B$4:$B$100,B11,'AvsC_M2'!$C$4:$C$100)+SUMIF('AvsC_M3'!$B$4:$B$100,B11,'AvsC_M3'!$C$4:$C$100)+SUMIF('AvsC_M4'!$B$4:$B$100,B11,'AvsC_M4'!$C$4:$C$100)+SUMIF('AvsC_M5'!$B$4:$B$100,B11,'AvsC_M5'!$C$4:$C$100)+SUMIF('AvsC_M6'!$B$4:$B$100,B11,'AvsC_M6'!$C$4:$C$100)+SUMIF('BvsD_M1'!$B$4:$B$100,B11,'BvsD_M1'!$C$4:$C$100)+SUMIF('BvsD_M2'!$B$4:$B$100,B11,'BvsD_M2'!$C$4:$C$100)+SUMIF('BvsD_M3'!$B$4:$B$100,B11,'BvsD_M3'!$C$4:$C$100)+SUMIF('BvsD_M4'!$B$4:$B$100,B11,'BvsD_M4'!$C$4:$C$100)+SUMIF('BvsD_M5'!$B$4:$B$100,B11,'BvsD_M5'!$C$4:$C$100)+SUMIF('BvsD_M6'!$B$4:$B$100,B11,'BvsD_M6'!$C$4:$C$100)+SUMIF('AvsD_M1'!$B$4:$B$100,B11,'AvsD_M1'!$C$4:$C$100)+SUMIF('AvsD_M2'!$B$4:$B$100,B11,'AvsD_M2'!$C$4:$C$100)+SUMIF('AvsD_M3'!$B$4:$B$100,B11,'AvsD_M3'!$C$4:$C$100)+SUMIF('AvsD_M4'!$B$4:$B$100,B11,'AvsD_M4'!$C$4:$C$100)+SUMIF('AvsD_M5'!$B$4:$B$100,B11,'AvsD_M5'!$C$4:$C$100)+SUMIF('AvsD_M6'!$B$4:$B$100,B11,'AvsD_M6'!$C$4:$C$100)+SUMIF('BvsC_M1'!$B$4:$B$100,B11,'BvsC_M1'!$C$4:$C$100)+SUMIF('BvsC_M2'!$B$4:$B$100,B11,'BvsC_M2'!$C$4:$C$100)+SUMIF('BvsC_M3'!$B$4:$B$100,B11,'BvsC_M3'!$C$4:$C$100)+SUMIF('BvsC_M4'!$B$4:$B$100,B11,'BvsC_M4'!$C$4:$C$100)+SUMIF('BvsC_M5'!$B$4:$B$100,B11,'BvsC_M5'!$C$4:$C$100)+SUMIF('BvsC_M6'!$B$4:$B$100,B11,'BvsC_M6'!$C$4:$C$100) | E11: =SUMIF('AvsB_M1'!$B$4:$B$100,B11,'AvsB_M1'!$D$4:$D$100)+SUMIF('AvsB_M2'!$B$4:$B$100,B11,'AvsB_M2'!$D$4:$D$100)+SUMIF('AvsB_M3'!$B$4:$B$100,B11,'AvsB_M3'!$D$4:$D$100)+SUMIF('AvsB_M4'!$B$4:$B$100,B11,'AvsB_M4'!$D$4:$D$100)+SUMIF('AvsB_M5'!$B$4:$B$100,B11,'AvsB_M5'!$D$4:$D$100)+SUMIF('AvsB_M6'!$B$4:$B$100,B11,'AvsB_M6'!$D$4:$D$100)+SUMIF('CvsD_M1'!$B$4:$B$100,B11,'CvsD_M1'!$D$4:$D$100)+SUMIF('CvsD_M2'!$B$4:$B$100,B11,'CvsD_M2'!$D$4:$D$100)+SUMIF('CvsD_M3'!$B$4:$B$100,B11,'CvsD_M3'!$D$4:$D$100)+SUMIF('CvsD_M4'!$B$4:$B$100,B11,'CvsD_M4'!$D$4:$D$100)+SUMIF('CvsD_M5'!$B$4:$B$100,B11,'CvsD_M5'!$D$4:$D$100)+SUMIF('CvsD_M6'!$B$4:$B$100,B11,'CvsD_M6'!$D$4:$D$100)+SUMIF('AvsC_M1'!$B$4:$B$100,B11,'AvsC_M1'!$D$4:$D$100)+SUMIF('AvsC_M2'!$B$4:$B$100,B11,'AvsC_M2'!$D$4:$D$100)+SUMIF('AvsC_M3'!$B$4:$B$100,B11,'AvsC_M3'!$D$4:$D$100)+SUMIF('AvsC_M4'!$B$4:$B$100,B11,'AvsC_M4'!$D$4:$D$100)+SUMIF('AvsC_M5'!$B$4:$B$100,B11,'AvsC_M5'!$D$4:$D$100)+SUMIF('AvsC_M6'!$B$4:$B$100,B11,'AvsC_M6'!$D$4:$D$100)+SUMIF('BvsD_M1'!$B$4:$B$100,B11,'BvsD_M1'!$D$4:$D$100)+SUMIF('BvsD_M2'!$B$4:$B$100,B11,'BvsD_M2'!$D$4:$D$100)+SUMIF('BvsD_M3'!$B$4:$B$100,B11,'BvsD_M3'!$D$4:$D$100)+SUMIF('BvsD_M4'!$B$4:$B$100,B11,'BvsD_M4'!$D$4:$D$100)+SUMIF('BvsD_M5'!$B$4:$B$100,B11,'BvsD_M5'!$D$4:$D$100)+SUMIF('BvsD_M6'!$B$4:$B$100,B11,'BvsD_M6'!$D$4:$D$100)+SUMIF('AvsD_M1'!$B$4:$B$100,B11,'AvsD_M1'!$D$4:$D$100)+SUMIF('AvsD_M2'!$B$4:$B$100,B11,'AvsD_M2'!$D$4:$D$100)+SUMIF('AvsD_M3'!$B$4:$B$100,B11,'AvsD_M3'!$D$4:$D$100)+SUMIF('AvsD_M4'!$B$4:$B$100,B11,'AvsD_M4'!$D$4:$D$100)+SUMIF('AvsD_M5'!$B$4:$B$100,B11,'AvsD_M5'!$D$4:$D$100)+SUMIF('AvsD_M6'!$B$4:$B$100,B11,'AvsD_M6'!$D$4:$D$100)+SUMIF('BvsC_M1'!$B$4:$B$100,B11,'BvsC_M1'!$D$4:$D$100)+SUMIF('BvsC_M2'!$B$4:$B$100,B11,'BvsC_M2'!$D$4:$D$100)+SUMIF('BvsC_M3'!$B$4:$B$100,B11,'BvsC_M3'!$D$4:$D$100)+SUMIF('BvsC_M4'!$B$4:$B$100,B11,'BvsC_M4'!$D$4:$D$100)+SUMIF('BvsC_M5'!$B$4:$B$100,B11,'BvsC_M5'!$D$4:$D$100)+SUMIF('BvsC_M6'!$B$4:$B$100,B11,'BvsC_M6'!$D$4:$D$100) | F11: =SUMIF('AvsB_M1'!$B$4:$B$100,B11,'AvsB_M1'!$E$4:$E$100)+SUMIF('AvsB_M2'!$B$4:$B$100,B11,'AvsB_M2'!$E$4:$E$100)+SUMIF('AvsB_M3'!$B$4:$B$100,B11,'AvsB_M3'!$E$4:$E$100)+SUMIF('AvsB_M4'!$B$4:$B$100,B11,'AvsB_M4'!$E$4:$E$100)+SUMIF('AvsB_M5'!$B$4:$B$100,B11,'AvsB_M5'!$E$4:$E$100)+SUMIF('AvsB_M6'!$B$4:$B$100,B11,'AvsB_M6'!$E$4:$E$100)+SUMIF('CvsD_M1'!$B$4:$B$100,B11,'CvsD_M1'!$E$4:$E$100)+SUMIF('CvsD_M2'!$B$4:$B$100,B11,'CvsD_M2'!$E$4:$E$100)+SUMIF('CvsD_M3'!$B$4:$B$100,B11,'CvsD_M3'!$E$4:$E$100)+SUMIF('CvsD_M4'!$B$4:$B$100,B11,'CvsD_M4'!$E$4:$E$100)+SUMIF('CvsD_M5'!$B$4:$B$100,B11,'CvsD_M5'!$E$4:$E$100)+SUMIF('CvsD_M6'!$B$4:$B$100,B11,'CvsD_M6'!$E$4:$E$100)+SUMIF('AvsC_M1'!$B$4:$B$100,B11,'AvsC_M1'!$E$4:$E$100)+SUMIF('AvsC_M2'!$B$4:$B$100,B11,'AvsC_M2'!$E$4:$E$100)+SUMIF('AvsC_M3'!$B$4:$B$100,B11,'AvsC_M3'!$E$4:$E$100)+SUMIF('AvsC_M4'!$B$4:$B$100,B11,'AvsC_M4'!$E$4:$E$100)+SUMIF('AvsC_M5'!$B$4:$B$100,B11,'AvsC_M5'!$E$4:$E$100)+SUMIF('AvsC_M6'!$B$4:$B$100,B11,'AvsC_M6'!$E$4:$E$100)+SUMIF('BvsD_M1'!$B$4:$B$100,B11,'BvsD_M1'!$E$4:$E$100)+SUMIF('BvsD_M2'!$B$4:$B$100,B11,'BvsD_M2'!$E$4:$E$100)+SUMIF('BvsD_M3'!$B$4:$B$100,B11,'BvsD_M3'!$E$4:$E$100)+SUMIF('BvsD_M4'!$B$4:$B$100,B11,'BvsD_M4'!$E$4:$E$100)+SUMIF('BvsD_M5'!$B$4:$B$100,B11,'BvsD_M5'!$E$4:$E$100)+SUMIF('BvsD_M6'!$B$4:$B$100,B11,'BvsD_M6'!$E$4:$E$100)+SUMIF('AvsD_M1'!$B$4:$B$100,B11,'AvsD_M1'!$E$4:$E$100)+SUMIF('AvsD_M2'!$B$4:$B$100,B11,'AvsD_M2'!$E$4:$E$100)+SUMIF('AvsD_M3'!$B$4:$B$100,B11,'AvsD_M3'!$E$4:$E$100)+SUMIF('AvsD_M4'!$B$4:$B$100,B11,'AvsD_M4'!$E$4:$E$100)+SUMIF('AvsD_M5'!$B$4:$B$100,B11,'AvsD_M5'!$E$4:$E$100)+SUMIF('AvsD_M6'!$B$4:$B$100,B11,'AvsD_M6'!$E$4:$E$100)+SUMIF('BvsC_M1'!$B$4:$B$100,B11,'BvsC_M1'!$E$4:$E$100)+SUMIF('BvsC_M2'!$B$4:$B$100,B11,'BvsC_M2'!$E$4:$E$100)+SUMIF('BvsC_M3'!$B$4:$B$100,B11,'BvsC_M3'!$E$4:$E$100)+SUMIF('BvsC_M4'!$B$4:$B$100,B11,'BvsC_M4'!$E$4:$E$100)+SUMIF('BvsC_M5'!$B$4:$B$100,B11,'BvsC_M5'!$E$4:$E$100)+SUMIF('BvsC_M6'!$B$4:$B$100,B11,'BvsC_M6'!$E$4:$E$100) | G11: =SUMIF('AvsB_M1'!$B$4:$B$100,B11,'AvsB_M1'!$F$4:$F$100)+SUMIF('AvsB_M2'!$B$4:$B$100,B11,'AvsB_M2'!$F$4:$F$100)+SUMIF('AvsB_M3'!$B$4:$B$100,B11,'AvsB_M3'!$F$4:$F$100)+SUMIF('AvsB_M4'!$B$4:$B$100,B11,'AvsB_M4'!$F$4:$F$100)+SUMIF('AvsB_M5'!$B$4:$B$100,B11,'AvsB_M5'!$F$4:$F$100)+SUMIF('AvsB_M6'!$B$4:$B$100,B11,'AvsB_M6'!$F$4:$F$100)+SUMIF('CvsD_M1'!$B$4:$B$100,B11,'CvsD_M1'!$F$4:$F$100)+SUMIF('CvsD_M2'!$B$4:$B$100,B11,'CvsD_M2'!$F$4:$F$100)+SUMIF('CvsD_M3'!$B$4:$B$100,B11,'CvsD_M3'!$F$4:$F$100)+SUMIF('CvsD_M4'!$B$4:$B$100,B11,'CvsD_M4'!$F$4:$F$100)+SUMIF('CvsD_M5'!$B$4:$B$100,B11,'CvsD_M5'!$F$4:$F$100)+SUMIF('CvsD_M6'!$B$4:$B$100,B11,'CvsD_M6'!$F$4:$F$100)+SUMIF('AvsC_M1'!$B$4:$B$100,B11,'AvsC_M1'!$F$4:$F$100)+SUMIF('AvsC_M2'!$B$4:$B$100,B11,'AvsC_M2'!$F$4:$F$100)+SUMIF('AvsC_M3'!$B$4:$B$100,B11,'AvsC_M3'!$F$4:$F$100)+SUMIF('AvsC_M4'!$B$4:$B$100,B11,'AvsC_M4'!$F$4:$F$100)+SUMIF('AvsC_M5'!$B$4:$B$100,B11,'AvsC_M5'!$F$4:$F$100)+SUMIF('AvsC_M6'!$B$4:$B$100,B11,'AvsC_M6'!$F$4:$F$100)+SUMIF('BvsD_M1'!$B$4:$B$100,B11,'BvsD_M1'!$F$4:$F$100)+SUMIF('BvsD_M2'!$B$4:$B$100,B11,'BvsD_M2'!$F$4:$F$100)+SUMIF('BvsD_M3'!$B$4:$B$100,B11,'BvsD_M3'!$F$4:$F$100)+SUMIF('BvsD_M4'!$B$4:$B$100,B11,'BvsD_M4'!$F$4:$F$100)+SUMIF('BvsD_M5'!$B$4:$B$100,B11,'BvsD_M5'!$F$4:$F$100)+SUMIF('BvsD_M6'!$B$4:$B$100,B11,'BvsD_M6'!$F$4:$F$100)+SUMIF('AvsD_M1'!$B$4:$B$100,B11,'AvsD_M1'!$F$4:$F$100)+SUMIF('AvsD_M2'!$B$4:$B$100,B11,'AvsD_M2'!$F$4:$F$100)+SUMIF('AvsD_M3'!$B$4:$B$100,B11,'AvsD_M3'!$F$4:$F$100)+SUMIF('AvsD_M4'!$B$4:$B$100,B11,'AvsD_M4'!$F$4:$F$100)+SUMIF('AvsD_M5'!$B$4:$B$100,B11,'AvsD_M5'!$F$4:$F$100)+SUMIF('AvsD_M6'!$B$4:$B$100,B11,'AvsD_M6'!$F$4:$F$100)+SUMIF('BvsC_M1'!$B$4:$B$100,B11,'BvsC_M1'!$F$4:$F$100)+SUMIF('BvsC_M2'!$B$4:$B$100,B11,'BvsC_M2'!$F$4:$F$100)+SUMIF('BvsC_M3'!$B$4:$B$100,B11,'BvsC_M3'!$F$4:$F$100)+SUMIF('BvsC_M4'!$B$4:$B$100,B11,'BvsC_M4'!$F$4:$F$100)+SUMIF('BvsC_M5'!$B$4:$B$100,B11,'BvsC_M5'!$F$4:$F$100)+SUMIF('BvsC_M6'!$B$4:$B$100,B11,'BvsC_M6'!$F$4:$F$100) | H11: =SUMIF('AvsB_M1'!$B$4:$B$100,B11,'AvsB_M1'!$G$4:$G$100)+SUMIF('AvsB_M2'!$B$4:$B$100,B11,'AvsB_M2'!$G$4:$G$100)+SUMIF('AvsB_M3'!$B$4:$B$100,B11,'AvsB_M3'!$G$4:$G$100)+SUMIF('AvsB_M4'!$B$4:$B$100,B11,'AvsB_M4'!$G$4:$G$100)+SUMIF('AvsB_M5'!$B$4:$B$100,B11,'AvsB_M5'!$G$4:$G$100)+SUMIF('AvsB_M6'!$B$4:$B$100,B11,'AvsB_M6'!$G$4:$G$100)+SUMIF('CvsD_M1'!$B$4:$B$100,B11,'CvsD_M1'!$G$4:$G$100)+SUMIF('CvsD_M2'!$B$4:$B$100,B11,'CvsD_M2'!$G$4:$G$100)+SUMIF('CvsD_M3'!$B$4:$B$100,B11,'CvsD_M3'!$G$4:$G$100)+SUMIF('CvsD_M4'!$B$4:$B$100,B11,'CvsD_M4'!$G$4:$G$100)+SUMIF('CvsD_M5'!$B$4:$B$100,B11,'CvsD_M5'!$G$4:$G$100)+SUMIF('CvsD_M6'!$B$4:$B$100,B11,'CvsD_M6'!$G$4:$G$100)+SUMIF('AvsC_M1'!$B$4:$B$100,B11,'AvsC_M1'!$G$4:$G$100)+SUMIF('AvsC_M2'!$B$4:$B$100,B11,'AvsC_M2'!$G$4:$G$100)+SUMIF('AvsC_M3'!$B$4:$B$100,B11,'AvsC_M3'!$G$4:$G$100)+SUMIF('AvsC_M4'!$B$4:$B$100,B11,'AvsC_M4'!$G$4:$G$100)+SUMIF('AvsC_M5'!$B$4:$B$100,B11,'AvsC_M5'!$G$4:$G$100)+SUMIF('AvsC_M6'!$B$4:$B$100,B11,'AvsC_M6'!$G$4:$G$100)+SUMIF('BvsD_M1'!$B$4:$B$100,B11,'BvsD_M1'!$G$4:$G$100)+SUMIF('BvsD_M2'!$B$4:$B$100,B11,'BvsD_M2'!$G$4:$G$100)+SUMIF('BvsD_M3'!$B$4:$B$100,B11,'BvsD_M3'!$G$4:$G$100)+SUMIF('BvsD_M4'!$B$4:$B$100,B11,'BvsD_M4'!$G$4:$G$100)+SUMIF('BvsD_M5'!$B$4:$B$100,B11,'BvsD_M5'!$G$4:$G$100)+SUMIF('BvsD_M6'!$B$4:$B$100,B11,'BvsD_M6'!$G$4:$G$100)+SUMIF('AvsD_M1'!$B$4:$B$100,B11,'AvsD_M1'!$G$4:$G$100)+SUMIF('AvsD_M2'!$B$4:$B$100,B11,'AvsD_M2'!$G$4:$G$100)+SUMIF('AvsD_M3'!$B$4:$B$100,B11,'AvsD_M3'!$G$4:$G$100)+SUMIF('AvsD_M4'!$B$4:$B$100,B11,'AvsD_M4'!$G$4:$G$100)+SUMIF('AvsD_M5'!$B$4:$B$100,B11,'AvsD_M5'!$G$4:$G$100)+SUMIF('AvsD_M6'!$B$4:$B$100,B11,'AvsD_M6'!$G$4:$G$100)+SUMIF('BvsC_M1'!$B$4:$B$100,B11,'BvsC_M1'!$G$4:$G$100)+SUMIF('BvsC_M2'!$B$4:$B$100,B11,'BvsC_M2'!$G$4:$G$100)+SUMIF('BvsC_M3'!$B$4:$B$100,B11,'BvsC_M3'!$G$4:$G$100)+SUMIF('BvsC_M4'!$B$4:$B$100,B11,'BvsC_M4'!$G$4:$G$100)+SUMIF('BvsC_M5'!$B$4:$B$100,B11,'BvsC_M5'!$G$4:$G$100)+SUMIF('BvsC_M6'!$B$4:$B$100,B11,'BvsC_M6'!$G$4:$G$100) | I11: =SUMIF('AvsB_M1'!$B$4:$B$100,B11,'AvsB_M1'!$H$4:$H$100)+SUMIF('AvsB_M2'!$B$4:$B$100,B11,'AvsB_M2'!$H$4:$H$100)+SUMIF('AvsB_M3'!$B$4:$B$100,B11,'AvsB_M3'!$H$4:$H$100)+SUMIF('AvsB_M4'!$B$4:$B$100,B11,'AvsB_M4'!$H$4:$H$100)+SUMIF('AvsB_M5'!$B$4:$B$100,B11,'AvsB_M5'!$H$4:$H$100)+SUMIF('AvsB_M6'!$B$4:$B$100,B11,'AvsB_M6'!$H$4:$H$100)+SUMIF('CvsD_M1'!$B$4:$B$100,B11,'CvsD_M1'!$H$4:$H$100)+SUMIF('CvsD_M2'!$B$4:$B$100,B11,'CvsD_M2'!$H$4:$H$100)+SUMIF('CvsD_M3'!$B$4:$B$100,B11,'CvsD_M3'!$H$4:$H$100)+SUMIF('CvsD_M4'!$B$4:$B$100,B11,'CvsD_M4'!$H$4:$H$100)+SUMIF('CvsD_M5'!$B$4:$B$100,B11,'CvsD_M5'!$H$4:$H$100)+SUMIF('CvsD_M6'!$B$4:$B$100,B11,'CvsD_M6'!$H$4:$H$100)+SUMIF('AvsC_M1'!$B$4:$B$100,B11,'AvsC_M1'!$H$4:$H$100)+SUMIF('AvsC_M2'!$B$4:$B$100,B11,'AvsC_M2'!$H$4:$H$100)+SUMIF('AvsC_M3'!$B$4:$B$100,B11,'AvsC_M3'!$H$4:$H$100)+SUMIF('AvsC_M4'!$B$4:$B$100,B11,'AvsC_M4'!$H$4:$H$100)+SUMIF('AvsC_M5'!$B$4:$B$100,B11,'AvsC_M5'!$H$4:$H$100)+SUMIF('AvsC_M6'!$B$4:$B$100,B11,'AvsC_M6'!$H$4:$H$100)+SUMIF('BvsD_M1'!$B$4:$B$100,B11,'BvsD_M1'!$H$4:$H$100)+SUMIF('BvsD_M2'!$B$4:$B$100,B11,'BvsD_M2'!$H$4:$H$100)+SUMIF('BvsD_M3'!$B$4:$B$100,B11,'BvsD_M3'!$H$4:$H$100)+SUMIF('BvsD_M4'!$B$4:$B$100,B11,'BvsD_M4'!$H$4:$H$100)+SUMIF('BvsD_M5'!$B$4:$B$100,B11,'BvsD_M5'!$H$4:$H$100)+SUMIF('BvsD_M6'!$B$4:$B$100,B11,'BvsD_M6'!$H$4:$H$100)+SUMIF('AvsD_M1'!$B$4:$B$100,B11,'AvsD_M1'!$H$4:$H$100)+SUMIF('AvsD_M2'!$B$4:$B$100,B11,'AvsD_M2'!$H$4:$H$100)+SUMIF('AvsD_M3'!$B$4:$B$100,B11,'AvsD_M3'!$H$4:$H$100)+SUMIF('AvsD_M4'!$B$4:$B$100,B11,'AvsD_M4'!$H$4:$H$100)+SUMIF('AvsD_M5'!$B$4:$B$100,B11,'AvsD_M5'!$H$4:$H$100)+SUMIF('AvsD_M6'!$B$4:$B$100,B11,'AvsD_M6'!$H$4:$H$100)+SUMIF('BvsC_M1'!$B$4:$B$100,B11,'BvsC_M1'!$H$4:$H$100)+SUMIF('BvsC_M2'!$B$4:$B$100,B11,'BvsC_M2'!$H$4:$H$100)+SUMIF('BvsC_M3'!$B$4:$B$100,B11,'BvsC_M3'!$H$4:$H$100)+SUMIF('BvsC_M4'!$B$4:$B$100,B11,'BvsC_M4'!$H$4:$H$100)+SUMIF('BvsC_M5'!$B$4:$B$100,B11,'BvsC_M5'!$H$4:$H$100)+SUMIF('BvsC_M6'!$B$4:$B$100,B11,'BvsC_M6'!$H$4:$H$100) | J11: =SUMIF('AvsB_M1'!$B$4:$B$100,B11,'AvsB_M1'!$I$4:$I$100)+SUMIF('AvsB_M2'!$B$4:$B$100,B11,'AvsB_M2'!$I$4:$I$100)+SUMIF('AvsB_M3'!$B$4:$B$100,B11,'AvsB_M3'!$I$4:$I$100)+SUMIF('AvsB_M4'!$B$4:$B$100,B11,'AvsB_M4'!$I$4:$I$100)+SUMIF('AvsB_M5'!$B$4:$B$100,B11,'AvsB_M5'!$I$4:$I$100)+SUMIF('AvsB_M6'!$B$4:$B$100,B11,'AvsB_M6'!$I$4:$I$100)+SUMIF('CvsD_M1'!$B$4:$B$100,B11,'CvsD_M1'!$I$4:$I$100)+SUMIF('CvsD_M2'!$B$4:$B$100,B11,'CvsD_M2'!$I$4:$I$100)+SUMIF('CvsD_M3'!$B$4:$B$100,B11,'CvsD_M3'!$I$4:$I$100)+SUMIF('CvsD_M4'!$B$4:$B$100,B11,'CvsD_M4'!$I$4:$I$100)+SUMIF('CvsD_M5'!$B$4:$B$100,B11,'CvsD_M5'!$I$4:$I$100)+SUMIF('CvsD_M6'!$B$4:$B$100,B11,'CvsD_M6'!$I$4:$I$100)+SUMIF('AvsC_M1'!$B$4:$B$100,B11,'AvsC_M1'!$I$4:$I$100)+SUMIF('AvsC_M2'!$B$4:$B$100,B11,'AvsC_M2'!$I$4:$I$100)+SUMIF('AvsC_M3'!$B$4:$B$100,B11,'AvsC_M3'!$I$4:$I$100)+SUMIF('AvsC_M4'!$B$4:$B$100,B11,'AvsC_M4'!$I$4:$I$100)+SUMIF('AvsC_M5'!$B$4:$B$100,B11,'AvsC_M5'!$I$4:$I$100)+SUMIF('AvsC_M6'!$B$4:$B$100,B11,'AvsC_M6'!$I$4:$I$100)+SUMIF('BvsD_M1'!$B$4:$B$100,B11,'BvsD_M1'!$I$4:$I$100)+SUMIF('BvsD_M2'!$B$4:$B$100,B11,'BvsD_M2'!$I$4:$I$100)+SUMIF('BvsD_M3'!$B$4:$B$100,B11,'BvsD_M3'!$I$4:$I$100)+SUMIF('BvsD_M4'!$B$4:$B$100,B11,'BvsD_M4'!$I$4:$I$100)+SUMIF('BvsD_M5'!$B$4:$B$100,B11,'BvsD_M5'!$I$4:$I$100)+SUMIF('BvsD_M6'!$B$4:$B$100,B11,'BvsD_M6'!$I$4:$I$100)+SUMIF('AvsD_M1'!$B$4:$B$100,B11,'AvsD_M1'!$I$4:$I$100)+SUMIF('AvsD_M2'!$B$4:$B$100,B11,'AvsD_M2'!$I$4:$I$100)+SUMIF('AvsD_M3'!$B$4:$B$100,B11,'AvsD_M3'!$I$4:$I$100)+SUMIF('AvsD_M4'!$B$4:$B$100,B11,'AvsD_M4'!$I$4:$I$100)+SUMIF('AvsD_M5'!$B$4:$B$100,B11,'AvsD_M5'!$I$4:$I$100)+SUMIF('AvsD_M6'!$B$4:$B$100,B11,'AvsD_M6'!$I$4:$I$100)+SUMIF('BvsC_M1'!$B$4:$B$100,B11,'BvsC_M1'!$I$4:$I$100)+SUMIF('BvsC_M2'!$B$4:$B$100,B11,'BvsC_M2'!$I$4:$I$100)+SUMIF('BvsC_M3'!$B$4:$B$100,B11,'BvsC_M3'!$I$4:$I$100)+SUMIF('BvsC_M4'!$B$4:$B$100,B11,'BvsC_M4'!$I$4:$I$100)+SUMIF('BvsC_M5'!$B$4:$B$100,B11,'BvsC_M5'!$I$4:$I$100)+SUMIF('BvsC_M6'!$B$4:$B$100,B11,'BvsC_M6'!$I$4:$I$100)
A12: 9 | B12: RAKUZAN | C12: =COUNTIF('AvsB_M1'!$B$4:$B$100,B12)+COUNTIF('AvsB_M2'!$B$4:$B$100,B12)+COUNTIF('AvsB_M3'!$B$4:$B$100,B12)+COUNTIF('AvsB_M4'!$B$4:$B$100,B12)+COUNTIF('AvsB_M5'!$B$4:$B$100,B12)+COUNTIF('AvsB_M6'!$B$4:$B$100,B12)+COUNTIF('CvsD_M1'!$B$4:$B$100,B12)+COUNTIF('CvsD_M2'!$B$4:$B$100,B12)+COUNTIF('CvsD_M3'!$B$4:$B$100,B12)+COUNTIF('CvsD_M4'!$B$4:$B$100,B12)+COUNTIF('CvsD_M5'!$B$4:$B$100,B12)+COUNTIF('CvsD_M6'!$B$4:$B$100,B12)+COUNTIF('AvsC_M1'!$B$4:$B$100,B12)+COUNTIF('AvsC_M2'!$B$4:$B$100,B12)+COUNTIF('AvsC_M3'!$B$4:$B$100,B12)+COUNTIF('AvsC_M4'!$B$4:$B$100,B12)+COUNTIF('AvsC_M5'!$B$4:$B$100,B12)+COUNTIF('AvsC_M6'!$B$4:$B$100,B12)+COUNTIF('BvsD_M1'!$B$4:$B$100,B12)+COUNTIF('BvsD_M2'!$B$4:$B$100,B12)+COUNTIF('BvsD_M3'!$B$4:$B$100,B12)+COUNTIF('BvsD_M4'!$B$4:$B$100,B12)+COUNTIF('BvsD_M5'!$B$4:$B$100,B12)+COUNTIF('BvsD_M6'!$B$4:$B$100,B12)+COUNTIF('AvsD_M1'!$B$4:$B$100,B12)+COUNTIF('AvsD_M2'!$B$4:$B$100,B12)+COUNTIF('AvsD_M3'!$B$4:$B$100,B12)+COUNTIF('AvsD_M4'!$B$4:$B$100,B12)+COUNTIF('AvsD_M5'!$B$4:$B$100,B12)+COUNTIF('AvsD_M6'!$B$4:$B$100,B12)+COUNTIF('BvsC_M1'!$B$4:$B$100,B12)+COUNTIF('BvsC_M2'!$B$4:$B$100,B12)+COUNTIF('BvsC_M3'!$B$4:$B$100,B12)+COUNTIF('BvsC_M4'!$B$4:$B$100,B12)+COUNTIF('BvsC_M5'!$B$4:$B$100,B12)+COUNTIF('BvsC_M6'!$B$4:$B$100,B12) | D12: =SUMIF('AvsB_M1'!$B$4:$B$100,B12,'AvsB_M1'!$C$4:$C$100)+SUMIF('AvsB_M2'!$B$4:$B$100,B12,'AvsB_M2'!$C$4:$C$100)+SUMIF('AvsB_M3'!$B$4:$B$100,B12,'AvsB_M3'!$C$4:$C$100)+SUMIF('AvsB_M4'!$B$4:$B$100,B12,'AvsB_M4'!$C$4:$C$100)+SUMIF('AvsB_M5'!$B$4:$B$100,B12,'AvsB_M5'!$C$4:$C$100)+SUMIF('AvsB_M6'!$B$4:$B$100,B12,'AvsB_M6'!$C$4:$C$100)+SUMIF('CvsD_M1'!$B$4:$B$100,B12,'CvsD_M1'!$C$4:$C$100)+SUMIF('CvsD_M2'!$B$4:$B$100,B12,'CvsD_M2'!$C$4:$C$100)+SUMIF('CvsD_M3'!$B$4:$B$100,B12,'CvsD_M3'!$C$4:$C$100)+SUMIF('CvsD_M4'!$B$4:$B$100,B12,'CvsD_M4'!$C$4:$C$100)+SUMIF('CvsD_M5'!$B$4:$B$100,B12,'CvsD_M5'!$C$4:$C$100)+SUMIF('CvsD_M6'!$B$4:$B$100,B12,'CvsD_M6'!$C$4:$C$100)+SUMIF('AvsC_M1'!$B$4:$B$100,B12,'AvsC_M1'!$C$4:$C$100)+SUMIF('AvsC_M2'!$B$4:$B$100,B12,'AvsC_M2'!$C$4:$C$100)+SUMIF('AvsC_M3'!$B$4:$B$100,B12,'AvsC_M3'!$C$4:$C$100)+SUMIF('AvsC_M4'!$B$4:$B$100,B12,'AvsC_M4'!$C$4:$C$100)+SUMIF('AvsC_M5'!$B$4:$B$100,B12,'AvsC_M5'!$C$4:$C$100)+SUMIF('AvsC_M6'!$B$4:$B$100,B12,'AvsC_M6'!$C$4:$C$100)+SUMIF('BvsD_M1'!$B$4:$B$100,B12,'BvsD_M1'!$C$4:$C$100)+SUMIF('BvsD_M2'!$B$4:$B$100,B12,'BvsD_M2'!$C$4:$C$100)+SUMIF('BvsD_M3'!$B$4:$B$100,B12,'BvsD_M3'!$C$4:$C$100)+SUMIF('BvsD_M4'!$B$4:$B$100,B12,'BvsD_M4'!$C$4:$C$100)+SUMIF('BvsD_M5'!$B$4:$B$100,B12,'BvsD_M5'!$C$4:$C$100)+SUMIF('BvsD_M6'!$B$4:$B$100,B12,'BvsD_M6'!$C$4:$C$100)+SUMIF('AvsD_M1'!$B$4:$B$100,B12,'AvsD_M1'!$C$4:$C$100)+SUMIF('AvsD_M2'!$B$4:$B$100,B12,'AvsD_M2'!$C$4:$C$100)+SUMIF('AvsD_M3'!$B$4:$B$100,B12,'AvsD_M3'!$C$4:$C$100)+SUMIF('AvsD_M4'!$B$4:$B$100,B12,'AvsD_M4'!$C$4:$C$100)+SUMIF('AvsD_M5'!$B$4:$B$100,B12,'AvsD_M5'!$C$4:$C$100)+SUMIF('AvsD_M6'!$B$4:$B$100,B12,'AvsD_M6'!$C$4:$C$100)+SUMIF('BvsC_M1'!$B$4:$B$100,B12,'BvsC_M1'!$C$4:$C$100)+SUMIF('BvsC_M2'!$B$4:$B$100,B12,'BvsC_M2'!$C$4:$C$100)+SUMIF('BvsC_M3'!$B$4:$B$100,B12,'BvsC_M3'!$C$4:$C$100)+SUMIF('BvsC_M4'!$B$4:$B$100,B12,'BvsC_M4'!$C$4:$C$100)+SUMIF('BvsC_M5'!$B$4:$B$100,B12,'BvsC_M5'!$C$4:$C$100)+SUMIF('BvsC_M6'!$B$4:$B$100,B12,'BvsC_M6'!$C$4:$C$100) | E12: =SUMIF('AvsB_M1'!$B$4:$B$100,B12,'AvsB_M1'!$D$4:$D$100)+SUMIF('AvsB_M2'!$B$4:$B$100,B12,'AvsB_M2'!$D$4:$D$100)+SUMIF('AvsB_M3'!$B$4:$B$100,B12,'AvsB_M3'!$D$4:$D$100)+SUMIF('AvsB_M4'!$B$4:$B$100,B12,'AvsB_M4'!$D$4:$D$100)+SUMIF('AvsB_M5'!$B$4:$B$100,B12,'AvsB_M5'!$D$4:$D$100)+SUMIF('AvsB_M6'!$B$4:$B$100,B12,'AvsB_M6'!$D$4:$D$100)+SUMIF('CvsD_M1'!$B$4:$B$100,B12,'CvsD_M1'!$D$4:$D$100)+SUMIF('CvsD_M2'!$B$4:$B$100,B12,'CvsD_M2'!$D$4:$D$100)+SUMIF('CvsD_M3'!$B$4:$B$100,B12,'CvsD_M3'!$D$4:$D$100)+SUMIF('CvsD_M4'!$B$4:$B$100,B12,'CvsD_M4'!$D$4:$D$100)+SUMIF('CvsD_M5'!$B$4:$B$100,B12,'CvsD_M5'!$D$4:$D$100)+SUMIF('CvsD_M6'!$B$4:$B$100,B12,'CvsD_M6'!$D$4:$D$100)+SUMIF('AvsC_M1'!$B$4:$B$100,B12,'AvsC_M1'!$D$4:$D$100)+SUMIF('AvsC_M2'!$B$4:$B$100,B12,'AvsC_M2'!$D$4:$D$100)+SUMIF('AvsC_M3'!$B$4:$B$100,B12,'AvsC_M3'!$D$4:$D$100)+SUMIF('AvsC_M4'!$B$4:$B$100,B12,'AvsC_M4'!$D$4:$D$100)+SUMIF('AvsC_M5'!$B$4:$B$100,B12,'AvsC_M5'!$D$4:$D$100)+SUMIF('AvsC_M6'!$B$4:$B$100,B12,'AvsC_M6'!$D$4:$D$100)+SUMIF('BvsD_M1'!$B$4:$B$100,B12,'BvsD_M1'!$D$4:$D$100)+SUMIF('BvsD_M2'!$B$4:$B$100,B12,'BvsD_M2'!$D$4:$D$100)+SUMIF('BvsD_M3'!$B$4:$B$100,B12,'BvsD_M3'!$D$4:$D$100)+SUMIF('BvsD_M4'!$B$4:$B$100,B12,'BvsD_M4'!$D$4:$D$100)+SUMIF('BvsD_M5'!$B$4:$B$100,B12,'BvsD_M5'!$D$4:$D$100)+SUMIF('BvsD_M6'!$B$4:$B$100,B12,'BvsD_M6'!$D$4:$D$100)+SUMIF('AvsD_M1'!$B$4:$B$100,B12,'AvsD_M1'!$D$4:$D$100)+SUMIF('AvsD_M2'!$B$4:$B$100,B12,'AvsD_M2'!$D$4:$D$100)+SUMIF('AvsD_M3'!$B$4:$B$100,B12,'AvsD_M3'!$D$4:$D$100)+SUMIF('AvsD_M4'!$B$4:$B$100,B12,'AvsD_M4'!$D$4:$D$100)+SUMIF('AvsD_M5'!$B$4:$B$100,B12,'AvsD_M5'!$D$4:$D$100)+SUMIF('AvsD_M6'!$B$4:$B$100,B12,'AvsD_M6'!$D$4:$D$100)+SUMIF('BvsC_M1'!$B$4:$B$100,B12,'BvsC_M1'!$D$4:$D$100)+SUMIF('BvsC_M2'!$B$4:$B$100,B12,'BvsC_M2'!$D$4:$D$100)+SUMIF('BvsC_M3'!$B$4:$B$100,B12,'BvsC_M3'!$D$4:$D$100)+SUMIF('BvsC_M4'!$B$4:$B$100,B12,'BvsC_M4'!$D$4:$D$100)+SUMIF('BvsC_M5'!$B$4:$B$100,B12,'BvsC_M5'!$D$4:$D$100)+SUMIF('BvsC_M6'!$B$4:$B$100,B12,'BvsC_M6'!$D$4:$D$100) | F12: =SUMIF('AvsB_M1'!$B$4:$B$100,B12,'AvsB_M1'!$E$4:$E$100)+SUMIF('AvsB_M2'!$B$4:$B$100,B12,'AvsB_M2'!$E$4:$E$100)+SUMIF('AvsB_M3'!$B$4:$B$100,B12,'AvsB_M3'!$E$4:$E$100)+SUMIF('AvsB_M4'!$B$4:$B$100,B12,'AvsB_M4'!$E$4:$E$100)+SUMIF('AvsB_M5'!$B$4:$B$100,B12,'AvsB_M5'!$E$4:$E$100)+SUMIF('AvsB_M6'!$B$4:$B$100,B12,'AvsB_M6'!$E$4:$E$100)+SUMIF('CvsD_M1'!$B$4:$B$100,B12,'CvsD_M1'!$E$4:$E$100)+SUMIF('CvsD_M2'!$B$4:$B$100,B12,'CvsD_M2'!$E$4:$E$100)+SUMIF('CvsD_M3'!$B$4:$B$100,B12,'CvsD_M3'!$E$4:$E$100)+SUMIF('CvsD_M4'!$B$4:$B$100,B12,'CvsD_M4'!$E$4:$E$100)+SUMIF('CvsD_M5'!$B$4:$B$100,B12,'CvsD_M5'!$E$4:$E$100)+SUMIF('CvsD_M6'!$B$4:$B$100,B12,'CvsD_M6'!$E$4:$E$100)+SUMIF('AvsC_M1'!$B$4:$B$100,B12,'AvsC_M1'!$E$4:$E$100)+SUMIF('AvsC_M2'!$B$4:$B$100,B12,'AvsC_M2'!$E$4:$E$100)+SUMIF('AvsC_M3'!$B$4:$B$100,B12,'AvsC_M3'!$E$4:$E$100)+SUMIF('AvsC_M4'!$B$4:$B$100,B12,'AvsC_M4'!$E$4:$E$100)+SUMIF('AvsC_M5'!$B$4:$B$100,B12,'AvsC_M5'!$E$4:$E$100)+SUMIF('AvsC_M6'!$B$4:$B$100,B12,'AvsC_M6'!$E$4:$E$100)+SUMIF('BvsD_M1'!$B$4:$B$100,B12,'BvsD_M1'!$E$4:$E$100)+SUMIF('BvsD_M2'!$B$4:$B$100,B12,'BvsD_M2'!$E$4:$E$100)+SUMIF('BvsD_M3'!$B$4:$B$100,B12,'BvsD_M3'!$E$4:$E$100)+SUMIF('BvsD_M4'!$B$4:$B$100,B12,'BvsD_M4'!$E$4:$E$100)+SUMIF('BvsD_M5'!$B$4:$B$100,B12,'BvsD_M5'!$E$4:$E$100)+SUMIF('BvsD_M6'!$B$4:$B$100,B12,'BvsD_M6'!$E$4:$E$100)+SUMIF('AvsD_M1'!$B$4:$B$100,B12,'AvsD_M1'!$E$4:$E$100)+SUMIF('AvsD_M2'!$B$4:$B$100,B12,'AvsD_M2'!$E$4:$E$100)+SUMIF('AvsD_M3'!$B$4:$B$100,B12,'AvsD_M3'!$E$4:$E$100)+SUMIF('AvsD_M4'!$B$4:$B$100,B12,'AvsD_M4'!$E$4:$E$100)+SUMIF('AvsD_M5'!$B$4:$B$100,B12,'AvsD_M5'!$E$4:$E$100)+SUMIF('AvsD_M6'!$B$4:$B$100,B12,'AvsD_M6'!$E$4:$E$100)+SUMIF('BvsC_M1'!$B$4:$B$100,B12,'BvsC_M1'!$E$4:$E$100)+SUMIF('BvsC_M2'!$B$4:$B$100,B12,'BvsC_M2'!$E$4:$E$100)+SUMIF('BvsC_M3'!$B$4:$B$100,B12,'BvsC_M3'!$E$4:$E$100)+SUMIF('BvsC_M4'!$B$4:$B$100,B12,'BvsC_M4'!$E$4:$E$100)+SUMIF('BvsC_M5'!$B$4:$B$100,B12,'BvsC_M5'!$E$4:$E$100)+SUMIF('BvsC_M6'!$B$4:$B$100,B12,'BvsC_M6'!$E$4:$E$100) | G12: =SUMIF('AvsB_M1'!$B$4:$B$100,B12,'AvsB_M1'!$F$4:$F$100)+SUMIF('AvsB_M2'!$B$4:$B$100,B12,'AvsB_M2'!$F$4:$F$100)+SUMIF('AvsB_M3'!$B$4:$B$100,B12,'AvsB_M3'!$F$4:$F$100)+SUMIF('AvsB_M4'!$B$4:$B$100,B12,'AvsB_M4'!$F$4:$F$100)+SUMIF('AvsB_M5'!$B$4:$B$100,B12,'AvsB_M5'!$F$4:$F$100)+SUMIF('AvsB_M6'!$B$4:$B$100,B12,'AvsB_M6'!$F$4:$F$100)+SUMIF('CvsD_M1'!$B$4:$B$100,B12,'CvsD_M1'!$F$4:$F$100)+SUMIF('CvsD_M2'!$B$4:$B$100,B12,'CvsD_M2'!$F$4:$F$100)+SUMIF('CvsD_M3'!$B$4:$B$100,B12,'CvsD_M3'!$F$4:$F$100)+SUMIF('CvsD_M4'!$B$4:$B$100,B12,'CvsD_M4'!$F$4:$F$100)+SUMIF('CvsD_M5'!$B$4:$B$100,B12,'CvsD_M5'!$F$4:$F$100)+SUMIF('CvsD_M6'!$B$4:$B$100,B12,'CvsD_M6'!$F$4:$F$100)+SUMIF('AvsC_M1'!$B$4:$B$100,B12,'AvsC_M1'!$F$4:$F$100)+SUMIF('AvsC_M2'!$B$4:$B$100,B12,'AvsC_M2'!$F$4:$F$100)+SUMIF('AvsC_M3'!$B$4:$B$100,B12,'AvsC_M3'!$F$4:$F$100)+SUMIF('AvsC_M4'!$B$4:$B$100,B12,'AvsC_M4'!$F$4:$F$100)+SUMIF('AvsC_M5'!$B$4:$B$100,B12,'AvsC_M5'!$F$4:$F$100)+SUMIF('AvsC_M6'!$B$4:$B$100,B12,'AvsC_M6'!$F$4:$F$100)+SUMIF('BvsD_M1'!$B$4:$B$100,B12,'BvsD_M1'!$F$4:$F$100)+SUMIF('BvsD_M2'!$B$4:$B$100,B12,'BvsD_M2'!$F$4:$F$100)+SUMIF('BvsD_M3'!$B$4:$B$100,B12,'BvsD_M3'!$F$4:$F$100)+SUMIF('BvsD_M4'!$B$4:$B$100,B12,'BvsD_M4'!$F$4:$F$100)+SUMIF('BvsD_M5'!$B$4:$B$100,B12,'BvsD_M5'!$F$4:$F$100)+SUMIF('BvsD_M6'!$B$4:$B$100,B12,'BvsD_M6'!$F$4:$F$100)+SUMIF('AvsD_M1'!$B$4:$B$100,B12,'AvsD_M1'!$F$4:$F$100)+SUMIF('AvsD_M2'!$B$4:$B$100,B12,'AvsD_M2'!$F$4:$F$100)+SUMIF('AvsD_M3'!$B$4:$B$100,B12,'AvsD_M3'!$F$4:$F$100)+SUMIF('AvsD_M4'!$B$4:$B$100,B12,'AvsD_M4'!$F$4:$F$100)+SUMIF('AvsD_M5'!$B$4:$B$100,B12,'AvsD_M5'!$F$4:$F$100)+SUMIF('AvsD_M6'!$B$4:$B$100,B12,'AvsD_M6'!$F$4:$F$100)+SUMIF('BvsC_M1'!$B$4:$B$100,B12,'BvsC_M1'!$F$4:$F$100)+SUMIF('BvsC_M2'!$B$4:$B$100,B12,'BvsC_M2'!$F$4:$F$100)+SUMIF('BvsC_M3'!$B$4:$B$100,B12,'BvsC_M3'!$F$4:$F$100)+SUMIF('BvsC_M4'!$B$4:$B$100,B12,'BvsC_M4'!$F$4:$F$100)+SUMIF('BvsC_M5'!$B$4:$B$100,B12,'BvsC_M5'!$F$4:$F$100)+SUMIF('BvsC_M6'!$B$4:$B$100,B12,'BvsC_M6'!$F$4:$F$100) | H12: =SUMIF('AvsB_M1'!$B$4:$B$100,B12,'AvsB_M1'!$G$4:$G$100)+SUMIF('AvsB_M2'!$B$4:$B$100,B12,'AvsB_M2'!$G$4:$G$100)+SUMIF('AvsB_M3'!$B$4:$B$100,B12,'AvsB_M3'!$G$4:$G$100)+SUMIF('AvsB_M4'!$B$4:$B$100,B12,'AvsB_M4'!$G$4:$G$100)+SUMIF('AvsB_M5'!$B$4:$B$100,B12,'AvsB_M5'!$G$4:$G$100)+SUMIF('AvsB_M6'!$B$4:$B$100,B12,'AvsB_M6'!$G$4:$G$100)+SUMIF('CvsD_M1'!$B$4:$B$100,B12,'CvsD_M1'!$G$4:$G$100)+SUMIF('CvsD_M2'!$B$4:$B$100,B12,'CvsD_M2'!$G$4:$G$100)+SUMIF('CvsD_M3'!$B$4:$B$100,B12,'CvsD_M3'!$G$4:$G$100)+SUMIF('CvsD_M4'!$B$4:$B$100,B12,'CvsD_M4'!$G$4:$G$100)+SUMIF('CvsD_M5'!$B$4:$B$100,B12,'CvsD_M5'!$G$4:$G$100)+SUMIF('CvsD_M6'!$B$4:$B$100,B12,'CvsD_M6'!$G$4:$G$100)+SUMIF('AvsC_M1'!$B$4:$B$100,B12,'AvsC_M1'!$G$4:$G$100)+SUMIF('AvsC_M2'!$B$4:$B$100,B12,'AvsC_M2'!$G$4:$G$100)+SUMIF('AvsC_M3'!$B$4:$B$100,B12,'AvsC_M3'!$G$4:$G$100)+SUMIF('AvsC_M4'!$B$4:$B$100,B12,'AvsC_M4'!$G$4:$G$100)+SUMIF('AvsC_M5'!$B$4:$B$100,B12,'AvsC_M5'!$G$4:$G$100)+SUMIF('AvsC_M6'!$B$4:$B$100,B12,'AvsC_M6'!$G$4:$G$100)+SUMIF('BvsD_M1'!$B$4:$B$100,B12,'BvsD_M1'!$G$4:$G$100)+SUMIF('BvsD_M2'!$B$4:$B$100,B12,'BvsD_M2'!$G$4:$G$100)+SUMIF('BvsD_M3'!$B$4:$B$100,B12,'BvsD_M3'!$G$4:$G$100)+SUMIF('BvsD_M4'!$B$4:$B$100,B12,'BvsD_M4'!$G$4:$G$100)+SUMIF('BvsD_M5'!$B$4:$B$100,B12,'BvsD_M5'!$G$4:$G$100)+SUMIF('BvsD_M6'!$B$4:$B$100,B12,'BvsD_M6'!$G$4:$G$100)+SUMIF('AvsD_M1'!$B$4:$B$100,B12,'AvsD_M1'!$G$4:$G$100)+SUMIF('AvsD_M2'!$B$4:$B$100,B12,'AvsD_M2'!$G$4:$G$100)+SUMIF('AvsD_M3'!$B$4:$B$100,B12,'AvsD_M3'!$G$4:$G$100)+SUMIF('AvsD_M4'!$B$4:$B$100,B12,'AvsD_M4'!$G$4:$G$100)+SUMIF('AvsD_M5'!$B$4:$B$100,B12,'AvsD_M5'!$G$4:$G$100)+SUMIF('AvsD_M6'!$B$4:$B$100,B12,'AvsD_M6'!$G$4:$G$100)+SUMIF('BvsC_M1'!$B$4:$B$100,B12,'BvsC_M1'!$G$4:$G$100)+SUMIF('BvsC_M2'!$B$4:$B$100,B12,'BvsC_M2'!$G$4:$G$100)+SUMIF('BvsC_M3'!$B$4:$B$100,B12,'BvsC_M3'!$G$4:$G$100)+SUMIF('BvsC_M4'!$B$4:$B$100,B12,'BvsC_M4'!$G$4:$G$100)+SUMIF('BvsC_M5'!$B$4:$B$100,B12,'BvsC_M5'!$G$4:$G$100)+SUMIF('BvsC_M6'!$B$4:$B$100,B12,'BvsC_M6'!$G$4:$G$100) | I12: =SUMIF('AvsB_M1'!$B$4:$B$100,B12,'AvsB_M1'!$H$4:$H$100)+SUMIF('AvsB_M2'!$B$4:$B$100,B12,'AvsB_M2'!$H$4:$H$100)+SUMIF('AvsB_M3'!$B$4:$B$100,B12,'AvsB_M3'!$H$4:$H$100)+SUMIF('AvsB_M4'!$B$4:$B$100,B12,'AvsB_M4'!$H$4:$H$100)+SUMIF('AvsB_M5'!$B$4:$B$100,B12,'AvsB_M5'!$H$4:$H$100)+SUMIF('AvsB_M6'!$B$4:$B$100,B12,'AvsB_M6'!$H$4:$H$100)+SUMIF('CvsD_M1'!$B$4:$B$100,B12,'CvsD_M1'!$H$4:$H$100)+SUMIF('CvsD_M2'!$B$4:$B$100,B12,'CvsD_M2'!$H$4:$H$100)+SUMIF('CvsD_M3'!$B$4:$B$100,B12,'CvsD_M3'!$H$4:$H$100)+SUMIF('CvsD_M4'!$B$4:$B$100,B12,'CvsD_M4'!$H$4:$H$100)+SUMIF('CvsD_M5'!$B$4:$B$100,B12,'CvsD_M5'!$H$4:$H$100)+SUMIF('CvsD_M6'!$B$4:$B$100,B12,'CvsD_M6'!$H$4:$H$100)+SUMIF('AvsC_M1'!$B$4:$B$100,B12,'AvsC_M1'!$H$4:$H$100)+SUMIF('AvsC_M2'!$B$4:$B$100,B12,'AvsC_M2'!$H$4:$H$100)+SUMIF('AvsC_M3'!$B$4:$B$100,B12,'AvsC_M3'!$H$4:$H$100)+SUMIF('AvsC_M4'!$B$4:$B$100,B12,'AvsC_M4'!$H$4:$H$100)+SUMIF('AvsC_M5'!$B$4:$B$100,B12,'AvsC_M5'!$H$4:$H$100)+SUMIF('AvsC_M6'!$B$4:$B$100,B12,'AvsC_M6'!$H$4:$H$100)+SUMIF('BvsD_M1'!$B$4:$B$100,B12,'BvsD_M1'!$H$4:$H$100)+SUMIF('BvsD_M2'!$B$4:$B$100,B12,'BvsD_M2'!$H$4:$H$100)+SUMIF('BvsD_M3'!$B$4:$B$100,B12,'BvsD_M3'!$H$4:$H$100)+SUMIF('BvsD_M4'!$B$4:$B$100,B12,'BvsD_M4'!$H$4:$H$100)+SUMIF('BvsD_M5'!$B$4:$B$100,B12,'BvsD_M5'!$H$4:$H$100)+SUMIF('BvsD_M6'!$B$4:$B$100,B12,'BvsD_M6'!$H$4:$H$100)+SUMIF('AvsD_M1'!$B$4:$B$100,B12,'AvsD_M1'!$H$4:$H$100)+SUMIF('AvsD_M2'!$B$4:$B$100,B12,'AvsD_M2'!$H$4:$H$100)+SUMIF('AvsD_M3'!$B$4:$B$100,B12,'AvsD_M3'!$H$4:$H$100)+SUMIF('AvsD_M4'!$B$4:$B$100,B12,'AvsD_M4'!$H$4:$H$100)+SUMIF('AvsD_M5'!$B$4:$B$100,B12,'AvsD_M5'!$H$4:$H$100)+SUMIF('AvsD_M6'!$B$4:$B$100,B12,'AvsD_M6'!$H$4:$H$100)+SUMIF('BvsC_M1'!$B$4:$B$100,B12,'BvsC_M1'!$H$4:$H$100)+SUMIF('BvsC_M2'!$B$4:$B$100,B12,'BvsC_M2'!$H$4:$H$100)+SUMIF('BvsC_M3'!$B$4:$B$100,B12,'BvsC_M3'!$H$4:$H$100)+SUMIF('BvsC_M4'!$B$4:$B$100,B12,'BvsC_M4'!$H$4:$H$100)+SUMIF('BvsC_M5'!$B$4:$B$100,B12,'BvsC_M5'!$H$4:$H$100)+SUMIF('BvsC_M6'!$B$4:$B$100,B12,'BvsC_M6'!$H$4:$H$100) | J12: =SUMIF('AvsB_M1'!$B$4:$B$100,B12,'AvsB_M1'!$I$4:$I$100)+SUMIF('AvsB_M2'!$B$4:$B$100,B12,'AvsB_M2'!$I$4:$I$100)+SUMIF('AvsB_M3'!$B$4:$B$100,B12,'AvsB_M3'!$I$4:$I$100)+SUMIF('AvsB_M4'!$B$4:$B$100,B12,'AvsB_M4'!$I$4:$I$100)+SUMIF('AvsB_M5'!$B$4:$B$100,B12,'AvsB_M5'!$I$4:$I$100)+SUMIF('AvsB_M6'!$B$4:$B$100,B12,'AvsB_M6'!$I$4:$I$100)+SUMIF('CvsD_M1'!$B$4:$B$100,B12,'CvsD_M1'!$I$4:$I$100)+SUMIF('CvsD_M2'!$B$4:$B$100,B12,'CvsD_M2'!$I$4:$I$100)+SUMIF('CvsD_M3'!$B$4:$B$100,B12,'CvsD_M3'!$I$4:$I$100)+SUMIF('CvsD_M4'!$B$4:$B$100,B12,'CvsD_M4'!$I$4:$I$100)+SUMIF('CvsD_M5'!$B$4:$B$100,B12,'CvsD_M5'!$I$4:$I$100)+SUMIF('CvsD_M6'!$B$4:$B$100,B12,'CvsD_M6'!$I$4:$I$100)+SUMIF('AvsC_M1'!$B$4:$B$100,B12,'AvsC_M1'!$I$4:$I$100)+SUMIF('AvsC_M2'!$B$4:$B$100,B12,'AvsC_M2'!$I$4:$I$100)+SUMIF('AvsC_M3'!$B$4:$B$100,B12,'AvsC_M3'!$I$4:$I$100)+SUMIF('AvsC_M4'!$B$4:$B$100,B12,'AvsC_M4'!$I$4:$I$100)+SUMIF('AvsC_M5'!$B$4:$B$100,B12,'AvsC_M5'!$I$4:$I$100)+SUMIF('AvsC_M6'!$B$4:$B$100,B12,'AvsC_M6'!$I$4:$I$100)+SUMIF('BvsD_M1'!$B$4:$B$100,B12,'BvsD_M1'!$I$4:$I$100)+SUMIF('BvsD_M2'!$B$4:$B$100,B12,'BvsD_M2'!$I$4:$I$100)+SUMIF('BvsD_M3'!$B$4:$B$100,B12,'BvsD_M3'!$I$4:$I$100)+SUMIF('BvsD_M4'!$B$4:$B$100,B12,'BvsD_M4'!$I$4:$I$100)+SUMIF('BvsD_M5'!$B$4:$B$100,B12,'BvsD_M5'!$I$4:$I$100)+SUMIF('BvsD_M6'!$B$4:$B$100,B12,'BvsD_M6'!$I$4:$I$100)+SUMIF('AvsD_M1'!$B$4:$B$100,B12,'AvsD_M1'!$I$4:$I$100)+SUMIF('AvsD_M2'!$B$4:$B$100,B12,'AvsD_M2'!$I$4:$I$100)+SUMIF('AvsD_M3'!$B$4:$B$100,B12,'AvsD_M3'!$I$4:$I$100)+SUMIF('AvsD_M4'!$B$4:$B$100,B12,'AvsD_M4'!$I$4:$I$100)+SUMIF('AvsD_M5'!$B$4:$B$100,B12,'AvsD_M5'!$I$4:$I$100)+SUMIF('AvsD_M6'!$B$4:$B$100,B12,'AvsD_M6'!$I$4:$I$100)+SUMIF('BvsC_M1'!$B$4:$B$100,B12,'BvsC_M1'!$I$4:$I$100)+SUMIF('BvsC_M2'!$B$4:$B$100,B12,'BvsC_M2'!$I$4:$I$100)+SUMIF('BvsC_M3'!$B$4:$B$100,B12,'BvsC_M3'!$I$4:$I$100)+SUMIF('BvsC_M4'!$B$4:$B$100,B12,'BvsC_M4'!$I$4:$I$100)+SUMIF('BvsC_M5'!$B$4:$B$100,B12,'BvsC_M5'!$I$4:$I$100)+SUMIF('BvsC_M6'!$B$4:$B$100,B12,'BvsC_M6'!$I$4:$I$100)
A13: 10 | B13: SHONNANI'S | C13: =COUNTIF('AvsB_M1'!$B$4:$B$100,B13)+COUNTIF('AvsB_M2'!$B$4:$B$100,B13)+COUNTIF('AvsB_M3'!$B$4:$B$100,B13)+COUNTIF('AvsB_M4'!$B$4:$B$100,B13)+COUNTIF('AvsB_M5'!$B$4:$B$100,B13)+COUNTIF('AvsB_M6'!$B$4:$B$100,B13)+COUNTIF('CvsD_M1'!$B$4:$B$100,B13)+COUNTIF('CvsD_M2'!$B$4:$B$100,B13)+COUNTIF('CvsD_M3'!$B$4:$B$100,B13)+COUNTIF('CvsD_M4'!$B$4:$B$100,B13)+COUNTIF('CvsD_M5'!$B$4:$B$100,B13)+COUNTIF('CvsD_M6'!$B$4:$B$100,B13)+COUNTIF('AvsC_M1'!$B$4:$B$100,B13)+COUNTIF('AvsC_M2'!$B$4:$B$100,B13)+COUNTIF('AvsC_M3'!$B$4:$B$100,B13)+COUNTIF('AvsC_M4'!$B$4:$B$100,B13)+COUNTIF('AvsC_M5'!$B$4:$B$100,B13)+COUNTIF('AvsC_M6'!$B$4:$B$100,B13)+COUNTIF('BvsD_M1'!$B$4:$B$100,B13)+COUNTIF('BvsD_M2'!$B$4:$B$100,B13)+COUNTIF('BvsD_M3'!$B$4:$B$100,B13)+COUNTIF('BvsD_M4'!$B$4:$B$100,B13)+COUNTIF('BvsD_M5'!$B$4:$B$100,B13)+COUNTIF('BvsD_M6'!$B$4:$B$100,B13)+COUNTIF('AvsD_M1'!$B$4:$B$100,B13)+COUNTIF('AvsD_M2'!$B$4:$B$100,B13)+COUNTIF('AvsD_M3'!$B$4:$B$100,B13)+COUNTIF('AvsD_M4'!$B$4:$B$100,B13)+COUNTIF('AvsD_M5'!$B$4:$B$100,B13)+COUNTIF('AvsD_M6'!$B$4:$B$100,B13)+COUNTIF('BvsC_M1'!$B$4:$B$100,B13)+COUNTIF('BvsC_M2'!$B$4:$B$100,B13)+COUNTIF('BvsC_M3'!$B$4:$B$100,B13)+COUNTIF('BvsC_M4'!$B$4:$B$100,B13)+COUNTIF('BvsC_M5'!$B$4:$B$100,B13)+COUNTIF('BvsC_M6'!$B$4:$B$100,B13) | D13: =SUMIF('AvsB_M1'!$B$4:$B$100,B13,'AvsB_M1'!$C$4:$C$100)+SUMIF('AvsB_M2'!$B$4:$B$100,B13,'AvsB_M2'!$C$4:$C$100)+SUMIF('AvsB_M3'!$B$4:$B$100,B13,'AvsB_M3'!$C$4:$C$100)+SUMIF('AvsB_M4'!$B$4:$B$100,B13,'AvsB_M4'!$C$4:$C$100)+SUMIF('AvsB_M5'!$B$4:$B$100,B13,'AvsB_M5'!$C$4:$C$100)+SUMIF('AvsB_M6'!$B$4:$B$100,B13,'AvsB_M6'!$C$4:$C$100)+SUMIF('CvsD_M1'!$B$4:$B$100,B13,'CvsD_M1'!$C$4:$C$100)+SUMIF('CvsD_M2'!$B$4:$B$100,B13,'CvsD_M2'!$C$4:$C$100)+SUMIF('CvsD_M3'!$B$4:$B$100,B13,'CvsD_M3'!$C$4:$C$100)+SUMIF('CvsD_M4'!$B$4:$B$100,B13,'CvsD_M4'!$C$4:$C$100)+SUMIF('CvsD_M5'!$B$4:$B$100,B13,'CvsD_M5'!$C$4:$C$100)+SUMIF('CvsD_M6'!$B$4:$B$100,B13,'CvsD_M6'!$C$4:$C$100)+SUMIF('AvsC_M1'!$B$4:$B$100,B13,'AvsC_M1'!$C$4:$C$100)+SUMIF('AvsC_M2'!$B$4:$B$100,B13,'AvsC_M2'!$C$4:$C$100)+SUMIF('AvsC_M3'!$B$4:$B$100,B13,'AvsC_M3'!$C$4:$C$100)+SUMIF('AvsC_M4'!$B$4:$B$100,B13,'AvsC_M4'!$C$4:$C$100)+SUMIF('AvsC_M5'!$B$4:$B$100,B13,'AvsC_M5'!$C$4:$C$100)+SUMIF('AvsC_M6'!$B$4:$B$100,B13,'AvsC_M6'!$C$4:$C$100)+SUMIF('BvsD_M1'!$B$4:$B$100,B13,'BvsD_M1'!$C$4:$C$100)+SUMIF('BvsD_M2'!$B$4:$B$100,B13,'BvsD_M2'!$C$4:$C$100)+SUMIF('BvsD_M3'!$B$4:$B$100,B13,'BvsD_M3'!$C$4:$C$100)+SUMIF('BvsD_M4'!$B$4:$B$100,B13,'BvsD_M4'!$C$4:$C$100)+SUMIF('BvsD_M5'!$B$4:$B$100,B13,'BvsD_M5'!$C$4:$C$100)+SUMIF('BvsD_M6'!$B$4:$B$100,B13,'BvsD_M6'!$C$4:$C$100)+SUMIF('AvsD_M1'!$B$4:$B$100,B13,'AvsD_M1'!$C$4:$C$100)+SUMIF('AvsD_M2'!$B$4:$B$100,B13,'AvsD_M2'!$C$4:$C$100)+SUMIF('AvsD_M3'!$B$4:$B$100,B13,'AvsD_M3'!$C$4:$C$100)+SUMIF('AvsD_M4'!$B$4:$B$100,B13,'AvsD_M4'!$C$4:$C$100)+SUMIF('AvsD_M5'!$B$4:$B$100,B13,'AvsD_M5'!$C$4:$C$100)+SUMIF('AvsD_M6'!$B$4:$B$100,B13,'AvsD_M6'!$C$4:$C$100)+SUMIF('BvsC_M1'!$B$4:$B$100,B13,'BvsC_M1'!$C$4:$C$100)+SUMIF('BvsC_M2'!$B$4:$B$100,B13,'BvsC_M2'!$C$4:$C$100)+SUMIF('BvsC_M3'!$B$4:$B$100,B13,'BvsC_M3'!$C$4:$C$100)+SUMIF('BvsC_M4'!$B$4:$B$100,B13,'BvsC_M4'!$C$4:$C$100)+SUMIF('BvsC_M5'!$B$4:$B$100,B13,'BvsC_M5'!$C$4:$C$100)+SUMIF('BvsC_M6'!$B$4:$B$100,B13,'BvsC_M6'!$C$4:$C$100) | E13: =SUMIF('AvsB_M1'!$B$4:$B$100,B13,'AvsB_M1'!$D$4:$D$100)+SUMIF('AvsB_M2'!$B$4:$B$100,B13,'AvsB_M2'!$D$4:$D$100)+SUMIF('AvsB_M3'!$B$4:$B$100,B13,'AvsB_M3'!$D$4:$D$100)+SUMIF('AvsB_M4'!$B$4:$B$100,B13,'AvsB_M4'!$D$4:$D$100)+SUMIF('AvsB_M5'!$B$4:$B$100,B13,'AvsB_M5'!$D$4:$D$100)+SUMIF('AvsB_M6'!$B$4:$B$100,B13,'AvsB_M6'!$D$4:$D$100)+SUMIF('CvsD_M1'!$B$4:$B$100,B13,'CvsD_M1'!$D$4:$D$100)+SUMIF('CvsD_M2'!$B$4:$B$100,B13,'CvsD_M2'!$D$4:$D$100)+SUMIF('CvsD_M3'!$B$4:$B$100,B13,'CvsD_M3'!$D$4:$D$100)+SUMIF('CvsD_M4'!$B$4:$B$100,B13,'CvsD_M4'!$D$4:$D$100)+SUMIF('CvsD_M5'!$B$4:$B$100,B13,'CvsD_M5'!$D$4:$D$100)+SUMIF('CvsD_M6'!$B$4:$B$100,B13,'CvsD_M6'!$D$4:$D$100)+SUMIF('AvsC_M1'!$B$4:$B$100,B13,'AvsC_M1'!$D$4:$D$100)+SUMIF('AvsC_M2'!$B$4:$B$100,B13,'AvsC_M2'!$D$4:$D$100)+SUMIF('AvsC_M3'!$B$4:$B$100,B13,'AvsC_M3'!$D$4:$D$100)+SUMIF('AvsC_M4'!$B$4:$B$100,B13,'AvsC_M4'!$D$4:$D$100)+SUMIF('AvsC_M5'!$B$4:$B$100,B13,'AvsC_M5'!$D$4:$D$100)+SUMIF('AvsC_M6'!$B$4:$B$100,B13,'AvsC_M6'!$D$4:$D$100)+SUMIF('BvsD_M1'!$B$4:$B$100,B13,'BvsD_M1'!$D$4:$D$100)+SUMIF('BvsD_M2'!$B$4:$B$100,B13,'BvsD_M2'!$D$4:$D$100)+SUMIF('BvsD_M3'!$B$4:$B$100,B13,'BvsD_M3'!$D$4:$D$100)+SUMIF('BvsD_M4'!$B$4:$B$100,B13,'BvsD_M4'!$D$4:$D$100)+SUMIF('BvsD_M5'!$B$4:$B$100,B13,'BvsD_M5'!$D$4:$D$100)+SUMIF('BvsD_M6'!$B$4:$B$100,B13,'BvsD_M6'!$D$4:$D$100)+SUMIF('AvsD_M1'!$B$4:$B$100,B13,'AvsD_M1'!$D$4:$D$100)+SUMIF('AvsD_M2'!$B$4:$B$100,B13,'AvsD_M2'!$D$4:$D$100)+SUMIF('AvsD_M3'!$B$4:$B$100,B13,'AvsD_M3'!$D$4:$D$100)+SUMIF('AvsD_M4'!$B$4:$B$100,B13,'AvsD_M4'!$D$4:$D$100)+SUMIF('AvsD_M5'!$B$4:$B$100,B13,'AvsD_M5'!$D$4:$D$100)+SUMIF('AvsD_M6'!$B$4:$B$100,B13,'AvsD_M6'!$D$4:$D$100)+SUMIF('BvsC_M1'!$B$4:$B$100,B13,'BvsC_M1'!$D$4:$D$100)+SUMIF('BvsC_M2'!$B$4:$B$100,B13,'BvsC_M2'!$D$4:$D$100)+SUMIF('BvsC_M3'!$B$4:$B$100,B13,'BvsC_M3'!$D$4:$D$100)+SUMIF('BvsC_M4'!$B$4:$B$100,B13,'BvsC_M4'!$D$4:$D$100)+SUMIF('BvsC_M5'!$B$4:$B$100,B13,'BvsC_M5'!$D$4:$D$100)+SUMIF('BvsC_M6'!$B$4:$B$100,B13,'BvsC_M6'!$D$4:$D$100) | F13: =SUMIF('AvsB_M1'!$B$4:$B$100,B13,'AvsB_M1'!$E$4:$E$100)+SUMIF('AvsB_M2'!$B$4:$B$100,B13,'AvsB_M2'!$E$4:$E$100)+SUMIF('AvsB_M3'!$B$4:$B$100,B13,'AvsB_M3'!$E$4:$E$100)+SUMIF('AvsB_M4'!$B$4:$B$100,B13,'AvsB_M4'!$E$4:$E$100)+SUMIF('AvsB_M5'!$B$4:$B$100,B13,'AvsB_M5'!$E$4:$E$100)+SUMIF('AvsB_M6'!$B$4:$B$100,B13,'AvsB_M6'!$E$4:$E$100)+SUMIF('CvsD_M1'!$B$4:$B$100,B13,'CvsD_M1'!$E$4:$E$100)+SUMIF('CvsD_M2'!$B$4:$B$100,B13,'CvsD_M2'!$E$4:$E$100)+SUMIF('CvsD_M3'!$B$4:$B$100,B13,'CvsD_M3'!$E$4:$E$100)+SUMIF('CvsD_M4'!$B$4:$B$100,B13,'CvsD_M4'!$E$4:$E$100)+SUMIF('CvsD_M5'!$B$4:$B$100,B13,'CvsD_M5'!$E$4:$E$100)+SUMIF('CvsD_M6'!$B$4:$B$100,B13,'CvsD_M6'!$E$4:$E$100)+SUMIF('AvsC_M1'!$B$4:$B$100,B13,'AvsC_M1'!$E$4:$E$100)+SUMIF('AvsC_M2'!$B$4:$B$100,B13,'AvsC_M2'!$E$4:$E$100)+SUMIF('AvsC_M3'!$B$4:$B$100,B13,'AvsC_M3'!$E$4:$E$100)+SUMIF('AvsC_M4'!$B$4:$B$100,B13,'AvsC_M4'!$E$4:$E$100)+SUMIF('AvsC_M5'!$B$4:$B$100,B13,'AvsC_M5'!$E$4:$E$100)+SUMIF('AvsC_M6'!$B$4:$B$100,B13,'AvsC_M6'!$E$4:$E$100)+SUMIF('BvsD_M1'!$B$4:$B$100,B13,'BvsD_M1'!$E$4:$E$100)+SUMIF('BvsD_M2'!$B$4:$B$100,B13,'BvsD_M2'!$E$4:$E$100)+SUMIF('BvsD_M3'!$B$4:$B$100,B13,'BvsD_M3'!$E$4:$E$100)+SUMIF('BvsD_M4'!$B$4:$B$100,B13,'BvsD_M4'!$E$4:$E$100)+SUMIF('BvsD_M5'!$B$4:$B$100,B13,'BvsD_M5'!$E$4:$E$100)+SUMIF('BvsD_M6'!$B$4:$B$100,B13,'BvsD_M6'!$E$4:$E$100)+SUMIF('AvsD_M1'!$B$4:$B$100,B13,'AvsD_M1'!$E$4:$E$100)+SUMIF('AvsD_M2'!$B$4:$B$100,B13,'AvsD_M2'!$E$4:$E$100)+SUMIF('AvsD_M3'!$B$4:$B$100,B13,'AvsD_M3'!$E$4:$E$100)+SUMIF('AvsD_M4'!$B$4:$B$100,B13,'AvsD_M4'!$E$4:$E$100)+SUMIF('AvsD_M5'!$B$4:$B$100,B13,'AvsD_M5'!$E$4:$E$100)+SUMIF('AvsD_M6'!$B$4:$B$100,B13,'AvsD_M6'!$E$4:$E$100)+SUMIF('BvsC_M1'!$B$4:$B$100,B13,'BvsC_M1'!$E$4:$E$100)+SUMIF('BvsC_M2'!$B$4:$B$100,B13,'BvsC_M2'!$E$4:$E$100)+SUMIF('BvsC_M3'!$B$4:$B$100,B13,'BvsC_M3'!$E$4:$E$100)+SUMIF('BvsC_M4'!$B$4:$B$100,B13,'BvsC_M4'!$E$4:$E$100)+SUMIF('BvsC_M5'!$B$4:$B$100,B13,'BvsC_M5'!$E$4:$E$100)+SUMIF('BvsC_M6'!$B$4:$B$100,B13,'BvsC_M6'!$E$4:$E$100) | G13: =SUMIF('AvsB_M1'!$B$4:$B$100,B13,'AvsB_M1'!$F$4:$F$100)+SUMIF('AvsB_M2'!$B$4:$B$100,B13,'AvsB_M2'!$F$4:$F$100)+SUMIF('AvsB_M3'!$B$4:$B$100,B13,'AvsB_M3'!$F$4:$F$100)+SUMIF('AvsB_M4'!$B$4:$B$100,B13,'AvsB_M4'!$F$4:$F$100)+SUMIF('AvsB_M5'!$B$4:$B$100,B13,'AvsB_M5'!$F$4:$F$100)+SUMIF('AvsB_M6'!$B$4:$B$100,B13,'AvsB_M6'!$F$4:$F$100)+SUMIF('CvsD_M1'!$B$4:$B$100,B13,'CvsD_M1'!$F$4:$F$100)+SUMIF('CvsD_M2'!$B$4:$B$100,B13,'CvsD_M2'!$F$4:$F$100)+SUMIF('CvsD_M3'!$B$4:$B$100,B13,'CvsD_M3'!$F$4:$F$100)+SUMIF('CvsD_M4'!$B$4:$B$100,B13,'CvsD_M4'!$F$4:$F$100)+SUMIF('CvsD_M5'!$B$4:$B$100,B13,'CvsD_M5'!$F$4:$F$100)+SUMIF('CvsD_M6'!$B$4:$B$100,B13,'CvsD_M6'!$F$4:$F$100)+SUMIF('AvsC_M1'!$B$4:$B$100,B13,'AvsC_M1'!$F$4:$F$100)+SUMIF('AvsC_M2'!$B$4:$B$100,B13,'AvsC_M2'!$F$4:$F$100)+SUMIF('AvsC_M3'!$B$4:$B$100,B13,'AvsC_M3'!$F$4:$F$100)+SUMIF('AvsC_M4'!$B$4:$B$100,B13,'AvsC_M4'!$F$4:$F$100)+SUMIF('AvsC_M5'!$B$4:$B$100,B13,'AvsC_M5'!$F$4:$F$100)+SUMIF('AvsC_M6'!$B$4:$B$100,B13,'AvsC_M6'!$F$4:$F$100)+SUMIF('BvsD_M1'!$B$4:$B$100,B13,'BvsD_M1'!$F$4:$F$100)+SUMIF('BvsD_M2'!$B$4:$B$100,B13,'BvsD_M2'!$F$4:$F$100)+SUMIF('BvsD_M3'!$B$4:$B$100,B13,'BvsD_M3'!$F$4:$F$100)+SUMIF('BvsD_M4'!$B$4:$B$100,B13,'BvsD_M4'!$F$4:$F$100)+SUMIF('BvsD_M5'!$B$4:$B$100,B13,'BvsD_M5'!$F$4:$F$100)+SUMIF('BvsD_M6'!$B$4:$B$100,B13,'BvsD_M6'!$F$4:$F$100)+SUMIF('AvsD_M1'!$B$4:$B$100,B13,'AvsD_M1'!$F$4:$F$100)+SUMIF('AvsD_M2'!$B$4:$B$100,B13,'AvsD_M2'!$F$4:$F$100)+SUMIF('AvsD_M3'!$B$4:$B$100,B13,'AvsD_M3'!$F$4:$F$100)+SUMIF('AvsD_M4'!$B$4:$B$100,B13,'AvsD_M4'!$F$4:$F$100)+SUMIF('AvsD_M5'!$B$4:$B$100,B13,'AvsD_M5'!$F$4:$F$100)+SUMIF('AvsD_M6'!$B$4:$B$100,B13,'AvsD_M6'!$F$4:$F$100)+SUMIF('BvsC_M1'!$B$4:$B$100,B13,'BvsC_M1'!$F$4:$F$100)+SUMIF('BvsC_M2'!$B$4:$B$100,B13,'BvsC_M2'!$F$4:$F$100)+SUMIF('BvsC_M3'!$B$4:$B$100,B13,'BvsC_M3'!$F$4:$F$100)+SUMIF('BvsC_M4'!$B$4:$B$100,B13,'BvsC_M4'!$F$4:$F$100)+SUMIF('BvsC_M5'!$B$4:$B$100,B13,'BvsC_M5'!$F$4:$F$100)+SUMIF('BvsC_M6'!$B$4:$B$100,B13,'BvsC_M6'!$F$4:$F$100) | H13: =SUMIF('AvsB_M1'!$B$4:$B$100,B13,'AvsB_M1'!$G$4:$G$100)+SUMIF('AvsB_M2'!$B$4:$B$100,B13,'AvsB_M2'!$G$4:$G$100)+SUMIF('AvsB_M3'!$B$4:$B$100,B13,'AvsB_M3'!$G$4:$G$100)+SUMIF('AvsB_M4'!$B$4:$B$100,B13,'AvsB_M4'!$G$4:$G$100)+SUMIF('AvsB_M5'!$B$4:$B$100,B13,'AvsB_M5'!$G$4:$G$100)+SUMIF('AvsB_M6'!$B$4:$B$100,B13,'AvsB_M6'!$G$4:$G$100)+SUMIF('CvsD_M1'!$B$4:$B$100,B13,'CvsD_M1'!$G$4:$G$100)+SUMIF('CvsD_M2'!$B$4:$B$100,B13,'CvsD_M2'!$G$4:$G$100)+SUMIF('CvsD_M3'!$B$4:$B$100,B13,'CvsD_M3'!$G$4:$G$100)+SUMIF('CvsD_M4'!$B$4:$B$100,B13,'CvsD_M4'!$G$4:$G$100)+SUMIF('CvsD_M5'!$B$4:$B$100,B13,'CvsD_M5'!$G$4:$G$100)+SUMIF('CvsD_M6'!$B$4:$B$100,B13,'CvsD_M6'!$G$4:$G$100)+SUMIF('AvsC_M1'!$B$4:$B$100,B13,'AvsC_M1'!$G$4:$G$100)+SUMIF('AvsC_M2'!$B$4:$B$100,B13,'AvsC_M2'!$G$4:$G$100)+SUMIF('AvsC_M3'!$B$4:$B$100,B13,'AvsC_M3'!$G$4:$G$100)+SUMIF('AvsC_M4'!$B$4:$B$100,B13,'AvsC_M4'!$G$4:$G$100)+SUMIF('AvsC_M5'!$B$4:$B$100,B13,'AvsC_M5'!$G$4:$G$100)+SUMIF('AvsC_M6'!$B$4:$B$100,B13,'AvsC_M6'!$G$4:$G$100)+SUMIF('BvsD_M1'!$B$4:$B$100,B13,'BvsD_M1'!$G$4:$G$100)+SUMIF('BvsD_M2'!$B$4:$B$100,B13,'BvsD_M2'!$G$4:$G$100)+SUMIF('BvsD_M3'!$B$4:$B$100,B13,'BvsD_M3'!$G$4:$G$100)+SUMIF('BvsD_M4'!$B$4:$B$100,B13,'BvsD_M4'!$G$4:$G$100)+SUMIF('BvsD_M5'!$B$4:$B$100,B13,'BvsD_M5'!$G$4:$G$100)+SUMIF('BvsD_M6'!$B$4:$B$100,B13,'BvsD_M6'!$G$4:$G$100)+SUMIF('AvsD_M1'!$B$4:$B$100,B13,'AvsD_M1'!$G$4:$G$100)+SUMIF('AvsD_M2'!$B$4:$B$100,B13,'AvsD_M2'!$G$4:$G$100)+SUMIF('AvsD_M3'!$B$4:$B$100,B13,'AvsD_M3'!$G$4:$G$100)+SUMIF('AvsD_M4'!$B$4:$B$100,B13,'AvsD_M4'!$G$4:$G$100)+SUMIF('AvsD_M5'!$B$4:$B$100,B13,'AvsD_M5'!$G$4:$G$100)+SUMIF('AvsD_M6'!$B$4:$B$100,B13,'AvsD_M6'!$G$4:$G$100)+SUMIF('BvsC_M1'!$B$4:$B$100,B13,'BvsC_M1'!$G$4:$G$100)+SUMIF('BvsC_M2'!$B$4:$B$100,B13,'BvsC_M2'!$G$4:$G$100)+SUMIF('BvsC_M3'!$B$4:$B$100,B13,'BvsC_M3'!$G$4:$G$100)+SUMIF('BvsC_M4'!$B$4:$B$100,B13,'BvsC_M4'!$G$4:$G$100)+SUMIF('BvsC_M5'!$B$4:$B$100,B13,'BvsC_M5'!$G$4:$G$100)+SUMIF('BvsC_M6'!$B$4:$B$100,B13,'BvsC_M6'!$G$4:$G$100) | I13: =SUMIF('AvsB_M1'!$B$4:$B$100,B13,'AvsB_M1'!$H$4:$H$100)+SUMIF('AvsB_M2'!$B$4:$B$100,B13,'AvsB_M2'!$H$4:$H$100)+SUMIF('AvsB_M3'!$B$4:$B$100,B13,'AvsB_M3'!$H$4:$H$100)+SUMIF('AvsB_M4'!$B$4:$B$100,B13,'AvsB_M4'!$H$4:$H$100)+SUMIF('AvsB_M5'!$B$4:$B$100,B13,'AvsB_M5'!$H$4:$H$100)+SUMIF('AvsB_M6'!$B$4:$B$100,B13,'AvsB_M6'!$H$4:$H$100)+SUMIF('CvsD_M1'!$B$4:$B$100,B13,'CvsD_M1'!$H$4:$H$100)+SUMIF('CvsD_M2'!$B$4:$B$100,B13,'CvsD_M2'!$H$4:$H$100)+SUMIF('CvsD_M3'!$B$4:$B$100,B13,'CvsD_M3'!$H$4:$H$100)+SUMIF('CvsD_M4'!$B$4:$B$100,B13,'CvsD_M4'!$H$4:$H$100)+SUMIF('CvsD_M5'!$B$4:$B$100,B13,'CvsD_M5'!$H$4:$H$100)+SUMIF('CvsD_M6'!$B$4:$B$100,B13,'CvsD_M6'!$H$4:$H$100)+SUMIF('AvsC_M1'!$B$4:$B$100,B13,'AvsC_M1'!$H$4:$H$100)+SUMIF('AvsC_M2'!$B$4:$B$100,B13,'AvsC_M2'!$H$4:$H$100)+SUMIF('AvsC_M3'!$B$4:$B$100,B13,'AvsC_M3'!$H$4:$H$100)+SUMIF('AvsC_M4'!$B$4:$B$100,B13,'AvsC_M4'!$H$4:$H$100)+SUMIF('AvsC_M5'!$B$4:$B$100,B13,'AvsC_M5'!$H$4:$H$100)+SUMIF('AvsC_M6'!$B$4:$B$100,B13,'AvsC_M6'!$H$4:$H$100)+SUMIF('BvsD_M1'!$B$4:$B$100,B13,'BvsD_M1'!$H$4:$H$100)+SUMIF('BvsD_M2'!$B$4:$B$100,B13,'BvsD_M2'!$H$4:$H$100)+SUMIF('BvsD_M3'!$B$4:$B$100,B13,'BvsD_M3'!$H$4:$H$100)+SUMIF('BvsD_M4'!$B$4:$B$100,B13,'BvsD_M4'!$H$4:$H$100)+SUMIF('BvsD_M5'!$B$4:$B$100,B13,'BvsD_M5'!$H$4:$H$100)+SUMIF('BvsD_M6'!$B$4:$B$100,B13,'BvsD_M6'!$H$4:$H$100)+SUMIF('AvsD_M1'!$B$4:$B$100,B13,'AvsD_M1'!$H$4:$H$100)+SUMIF('AvsD_M2'!$B$4:$B$100,B13,'AvsD_M2'!$H$4:$H$100)+SUMIF('AvsD_M3'!$B$4:$B$100,B13,'AvsD_M3'!$H$4:$H$100)+SUMIF('AvsD_M4'!$B$4:$B$100,B13,'AvsD_M4'!$H$4:$H$100)+SUMIF('AvsD_M5'!$B$4:$B$100,B13,'AvsD_M5'!$H$4:$H$100)+SUMIF('AvsD_M6'!$B$4:$B$100,B13,'AvsD_M6'!$H$4:$H$100)+SUMIF('BvsC_M1'!$B$4:$B$100,B13,'BvsC_M1'!$H$4:$H$100)+SUMIF('BvsC_M2'!$B$4:$B$100,B13,'BvsC_M2'!$H$4:$H$100)+SUMIF('BvsC_M3'!$B$4:$B$100,B13,'BvsC_M3'!$H$4:$H$100)+SUMIF('BvsC_M4'!$B$4:$B$100,B13,'BvsC_M4'!$H$4:$H$100)+SUMIF('BvsC_M5'!$B$4:$B$100,B13,'BvsC_M5'!$H$4:$H$100)+SUMIF('BvsC_M6'!$B$4:$B$100,B13,'BvsC_M6'!$H$4:$H$100) | J13: =SUMIF('AvsB_M1'!$B$4:$B$100,B13,'AvsB_M1'!$I$4:$I$100)+SUMIF('AvsB_M2'!$B$4:$B$100,B13,'AvsB_M2'!$I$4:$I$100)+SUMIF('AvsB_M3'!$B$4:$B$100,B13,'AvsB_M3'!$I$4:$I$100)+SUMIF('AvsB_M4'!$B$4:$B$100,B13,'AvsB_M4'!$I$4:$I$100)+SUMIF('AvsB_M5'!$B$4:$B$100,B13,'AvsB_M5'!$I$4:$I$100)+SUMIF('AvsB_M6'!$B$4:$B$100,B13,'AvsB_M6'!$I$4:$I$100)+SUMIF('CvsD_M1'!$B$4:$B$100,B13,'CvsD_M1'!$I$4:$I$100)+SUMIF('CvsD_M2'!$B$4:$B$100,B13,'CvsD_M2'!$I$4:$I$100)+SUMIF('CvsD_M3'!$B$4:$B$100,B13,'CvsD_M3'!$I$4:$I$100)+SUMIF('CvsD_M4'!$B$4:$B$100,B13,'CvsD_M4'!$I$4:$I$100)+SUMIF('CvsD_M5'!$B$4:$B$100,B13,'CvsD_M5'!$I$4:$I$100)+SUMIF('CvsD_M6'!$B$4:$B$100,B13,'CvsD_M6'!$I$4:$I$100)+SUMIF('AvsC_M1'!$B$4:$B$100,B13,'AvsC_M1'!$I$4:$I$100)+SUMIF('AvsC_M2'!$B$4:$B$100,B13,'AvsC_M2'!$I$4:$I$100)+SUMIF('AvsC_M3'!$B$4:$B$100,B13,'AvsC_M3'!$I$4:$I$100)+SUMIF('AvsC_M4'!$B$4:$B$100,B13,'AvsC_M4'!$I$4:$I$100)+SUMIF('AvsC_M5'!$B$4:$B$100,B13,'AvsC_M5'!$I$4:$I$100)+SUMIF('AvsC_M6'!$B$4:$B$100,B13,'AvsC_M6'!$I$4:$I$100)+SUMIF('BvsD_M1'!$B$4:$B$100,B13,'BvsD_M1'!$I$4:$I$100)+SUMIF('BvsD_M2'!$B$4:$B$100,B13,'BvsD_M2'!$I$4:$I$100)+SUMIF('BvsD_M3'!$B$4:$B$100,B13,'BvsD_M3'!$I$4:$I$100)+SUMIF('BvsD_M4'!$B$4:$B$100,B13,'BvsD_M4'!$I$4:$I$100)+SUMIF('BvsD_M5'!$B$4:$B$100,B13,'BvsD_M5'!$I$4:$I$100)+SUMIF('BvsD_M6'!$B$4:$B$100,B13,'BvsD_M6'!$I$4:$I$100)+SUMIF('AvsD_M1'!$B$4:$B$100,B13,'AvsD_M1'!$I$4:$I$100)+SUMIF('AvsD_M2'!$B$4:$B$100,B13,'AvsD_M2'!$I$4:$I$100)+SUMIF('AvsD_M3'!$B$4:$B$100,B13,'AvsD_M3'!$I$4:$I$100)+SUMIF('AvsD_M4'!$B$4:$B$100,B13,'AvsD_M4'!$I$4:$I$100)+SUMIF('AvsD_M5'!$B$4:$B$100,B13,'AvsD_M5'!$I$4:$I$100)+SUMIF('AvsD_M6'!$B$4:$B$100,B13,'AvsD_M6'!$I$4:$I$100)+SUMIF('BvsC_M1'!$B$4:$B$100,B13,'BvsC_M1'!$I$4:$I$100)+SUMIF('BvsC_M2'!$B$4:$B$100,B13,'BvsC_M2'!$I$4:$I$100)+SUMIF('BvsC_M3'!$B$4:$B$100,B13,'BvsC_M3'!$I$4:$I$100)+SUMIF('BvsC_M4'!$B$4:$B$100,B13,'BvsC_M4'!$I$4:$I$100)+SUMIF('BvsC_M5'!$B$4:$B$100,B13,'BvsC_M5'!$I$4:$I$100)+SUMIF('BvsC_M6'!$B$4:$B$100,B13,'BvsC_M6'!$I$4:$I$100)
A14: 11 | B14: SQUAD TWO | C14: =COUNTIF('AvsB_M1'!$B$4:$B$100,B14)+COUNTIF('AvsB_M2'!$B$4:$B$100,B14)+COUNTIF('AvsB_M3'!$B$4:$B$100,B14)+COUNTIF('AvsB_M4'!$B$4:$B$100,B14)+COUNTIF('AvsB_M5'!$B$4:$B$100,B14)+COUNTIF('AvsB_M6'!$B$4:$B$100,B14)+COUNTIF('CvsD_M1'!$B$4:$B$100,B14)+COUNTIF('CvsD_M2'!$B$4:$B$100,B14)+COUNTIF('CvsD_M3'!$B$4:$B$100,B14)+COUNTIF('CvsD_M4'!$B$4:$B$100,B14)+COUNTIF('CvsD_M5'!$B$4:$B$100,B14)+COUNTIF('CvsD_M6'!$B$4:$B$100,B14)+COUNTIF('AvsC_M1'!$B$4:$B$100,B14)+COUNTIF('AvsC_M2'!$B$4:$B$100,B14)+COUNTIF('AvsC_M3'!$B$4:$B$100,B14)+COUNTIF('AvsC_M4'!$B$4:$B$100,B14)+COUNTIF('AvsC_M5'!$B$4:$B$100,B14)+COUNTIF('AvsC_M6'!$B$4:$B$100,B14)+COUNTIF('BvsD_M1'!$B$4:$B$100,B14)+COUNTIF('BvsD_M2'!$B$4:$B$100,B14)+COUNTIF('BvsD_M3'!$B$4:$B$100,B14)+COUNTIF('BvsD_M4'!$B$4:$B$100,B14)+COUNTIF('BvsD_M5'!$B$4:$B$100,B14)+COUNTIF('BvsD_M6'!$B$4:$B$100,B14)+COUNTIF('AvsD_M1'!$B$4:$B$100,B14)+COUNTIF('AvsD_M2'!$B$4:$B$100,B14)+COUNTIF('AvsD_M3'!$B$4:$B$100,B14)+COUNTIF('AvsD_M4'!$B$4:$B$100,B14)+COUNTIF('AvsD_M5'!$B$4:$B$100,B14)+COUNTIF('AvsD_M6'!$B$4:$B$100,B14)+COUNTIF('BvsC_M1'!$B$4:$B$100,B14)+COUNTIF('BvsC_M2'!$B$4:$B$100,B14)+COUNTIF('BvsC_M3'!$B$4:$B$100,B14)+COUNTIF('BvsC_M4'!$B$4:$B$100,B14)+COUNTIF('BvsC_M5'!$B$4:$B$100,B14)+COUNTIF('BvsC_M6'!$B$4:$B$100,B14) | D14: =SUMIF('AvsB_M1'!$B$4:$B$100,B14,'AvsB_M1'!$C$4:$C$100)+SUMIF('AvsB_M2'!$B$4:$B$100,B14,'AvsB_M2'!$C$4:$C$100)+SUMIF('AvsB_M3'!$B$4:$B$100,B14,'AvsB_M3'!$C$4:$C$100)+SUMIF('AvsB_M4'!$B$4:$B$100,B14,'AvsB_M4'!$C$4:$C$100)+SUMIF('AvsB_M5'!$B$4:$B$100,B14,'AvsB_M5'!$C$4:$C$100)+SUMIF('AvsB_M6'!$B$4:$B$100,B14,'AvsB_M6'!$C$4:$C$100)+SUMIF('CvsD_M1'!$B$4:$B$100,B14,'CvsD_M1'!$C$4:$C$100)+SUMIF('CvsD_M2'!$B$4:$B$100,B14,'CvsD_M2'!$C$4:$C$100)+SUMIF('CvsD_M3'!$B$4:$B$100,B14,'CvsD_M3'!$C$4:$C$100)+SUMIF('CvsD_M4'!$B$4:$B$100,B14,'CvsD_M4'!$C$4:$C$100)+SUMIF('CvsD_M5'!$B$4:$B$100,B14,'CvsD_M5'!$C$4:$C$100)+SUMIF('CvsD_M6'!$B$4:$B$100,B14,'CvsD_M6'!$C$4:$C$100)+SUMIF('AvsC_M1'!$B$4:$B$100,B14,'AvsC_M1'!$C$4:$C$100)+SUMIF('AvsC_M2'!$B$4:$B$100,B14,'AvsC_M2'!$C$4:$C$100)+SUMIF('AvsC_M3'!$B$4:$B$100,B14,'AvsC_M3'!$C$4:$C$100)+SUMIF('AvsC_M4'!$B$4:$B$100,B14,'AvsC_M4'!$C$4:$C$100)+SUMIF('AvsC_M5'!$B$4:$B$100,B14,'AvsC_M5'!$C$4:$C$100)+SUMIF('AvsC_M6'!$B$4:$B$100,B14,'AvsC_M6'!$C$4:$C$100)+SUMIF('BvsD_M1'!$B$4:$B$100,B14,'BvsD_M1'!$C$4:$C$100)+SUMIF('BvsD_M2'!$B$4:$B$100,B14,'BvsD_M2'!$C$4:$C$100)+SUMIF('BvsD_M3'!$B$4:$B$100,B14,'BvsD_M3'!$C$4:$C$100)+SUMIF('BvsD_M4'!$B$4:$B$100,B14,'BvsD_M4'!$C$4:$C$100)+SUMIF('BvsD_M5'!$B$4:$B$100,B14,'BvsD_M5'!$C$4:$C$100)+SUMIF('BvsD_M6'!$B$4:$B$100,B14,'BvsD_M6'!$C$4:$C$100)+SUMIF('AvsD_M1'!$B$4:$B$100,B14,'AvsD_M1'!$C$4:$C$100)+SUMIF('AvsD_M2'!$B$4:$B$100,B14,'AvsD_M2'!$C$4:$C$100)+SUMIF('AvsD_M3'!$B$4:$B$100,B14,'AvsD_M3'!$C$4:$C$100)+SUMIF('AvsD_M4'!$B$4:$B$100,B14,'AvsD_M4'!$C$4:$C$100)+SUMIF('AvsD_M5'!$B$4:$B$100,B14,'AvsD_M5'!$C$4:$C$100)+SUMIF('AvsD_M6'!$B$4:$B$100,B14,'AvsD_M6'!$C$4:$C$100)+SUMIF('BvsC_M1'!$B$4:$B$100,B14,'BvsC_M1'!$C$4:$C$100)+SUMIF('BvsC_M2'!$B$4:$B$100,B14,'BvsC_M2'!$C$4:$C$100)+SUMIF('BvsC_M3'!$B$4:$B$100,B14,'BvsC_M3'!$C$4:$C$100)+SUMIF('BvsC_M4'!$B$4:$B$100,B14,'BvsC_M4'!$C$4:$C$100)+SUMIF('BvsC_M5'!$B$4:$B$100,B14,'BvsC_M5'!$C$4:$C$100)+SUMIF('BvsC_M6'!$B$4:$B$100,B14,'BvsC_M6'!$C$4:$C$100) | E14: =SUMIF('AvsB_M1'!$B$4:$B$100,B14,'AvsB_M1'!$D$4:$D$100)+SUMIF('AvsB_M2'!$B$4:$B$100,B14,'AvsB_M2'!$D$4:$D$100)+SUMIF('AvsB_M3'!$B$4:$B$100,B14,'AvsB_M3'!$D$4:$D$100)+SUMIF('AvsB_M4'!$B$4:$B$100,B14,'AvsB_M4'!$D$4:$D$100)+SUMIF('AvsB_M5'!$B$4:$B$100,B14,'AvsB_M5'!$D$4:$D$100)+SUMIF('AvsB_M6'!$B$4:$B$100,B14,'AvsB_M6'!$D$4:$D$100)+SUMIF('CvsD_M1'!$B$4:$B$100,B14,'CvsD_M1'!$D$4:$D$100)+SUMIF('CvsD_M2'!$B$4:$B$100,B14,'CvsD_M2'!$D$4:$D$100)+SUMIF('CvsD_M3'!$B$4:$B$100,B14,'CvsD_M3'!$D$4:$D$100)+SUMIF('CvsD_M4'!$B$4:$B$100,B14,'CvsD_M4'!$D$4:$D$100)+SUMIF('CvsD_M5'!$B$4:$B$100,B14,'CvsD_M5'!$D$4:$D$100)+SUMIF('CvsD_M6'!$B$4:$B$100,B14,'CvsD_M6'!$D$4:$D$100)+SUMIF('AvsC_M1'!$B$4:$B$100,B14,'AvsC_M1'!$D$4:$D$100)+SUMIF('AvsC_M2'!$B$4:$B$100,B14,'AvsC_M2'!$D$4:$D$100)+SUMIF('AvsC_M3'!$B$4:$B$100,B14,'AvsC_M3'!$D$4:$D$100)+SUMIF('AvsC_M4'!$B$4:$B$100,B14,'AvsC_M4'!$D$4:$D$100)+SUMIF('AvsC_M5'!$B$4:$B$100,B14,'AvsC_M5'!$D$4:$D$100)+SUMIF('AvsC_M6'!$B$4:$B$100,B14,'AvsC_M6'!$D$4:$D$100)+SUMIF('BvsD_M1'!$B$4:$B$100,B14,'BvsD_M1'!$D$4:$D$100)+SUMIF('BvsD_M2'!$B$4:$B$100,B14,'BvsD_M2'!$D$4:$D$100)+SUMIF('BvsD_M3'!$B$4:$B$100,B14,'BvsD_M3'!$D$4:$D$100)+SUMIF('BvsD_M4'!$B$4:$B$100,B14,'BvsD_M4'!$D$4:$D$100)+SUMIF('BvsD_M5'!$B$4:$B$100,B14,'BvsD_M5'!$D$4:$D$100)+SUMIF('BvsD_M6'!$B$4:$B$100,B14,'BvsD_M6'!$D$4:$D$100)+SUMIF('AvsD_M1'!$B$4:$B$100,B14,'AvsD_M1'!$D$4:$D$100)+SUMIF('AvsD_M2'!$B$4:$B$100,B14,'AvsD_M2'!$D$4:$D$100)+SUMIF('AvsD_M3'!$B$4:$B$100,B14,'AvsD_M3'!$D$4:$D$100)+SUMIF('AvsD_M4'!$B$4:$B$100,B14,'AvsD_M4'!$D$4:$D$100)+SUMIF('AvsD_M5'!$B$4:$B$100,B14,'AvsD_M5'!$D$4:$D$100)+SUMIF('AvsD_M6'!$B$4:$B$100,B14,'AvsD_M6'!$D$4:$D$100)+SUMIF('BvsC_M1'!$B$4:$B$100,B14,'BvsC_M1'!$D$4:$D$100)+SUMIF('BvsC_M2'!$B$4:$B$100,B14,'BvsC_M2'!$D$4:$D$100)+SUMIF('BvsC_M3'!$B$4:$B$100,B14,'BvsC_M3'!$D$4:$D$100)+SUMIF('BvsC_M4'!$B$4:$B$100,B14,'BvsC_M4'!$D$4:$D$100)+SUMIF('BvsC_M5'!$B$4:$B$100,B14,'BvsC_M5'!$D$4:$D$100)+SUMIF('BvsC_M6'!$B$4:$B$100,B14,'BvsC_M6'!$D$4:$D$100) | F14: =SUMIF('AvsB_M1'!$B$4:$B$100,B14,'AvsB_M1'!$E$4:$E$100)+SUMIF('AvsB_M2'!$B$4:$B$100,B14,'AvsB_M2'!$E$4:$E$100)+SUMIF('AvsB_M3'!$B$4:$B$100,B14,'AvsB_M3'!$E$4:$E$100)+SUMIF('AvsB_M4'!$B$4:$B$100,B14,'AvsB_M4'!$E$4:$E$100)+SUMIF('AvsB_M5'!$B$4:$B$100,B14,'AvsB_M5'!$E$4:$E$100)+SUMIF('AvsB_M6'!$B$4:$B$100,B14,'AvsB_M6'!$E$4:$E$100)+SUMIF('CvsD_M1'!$B$4:$B$100,B14,'CvsD_M1'!$E$4:$E$100)+SUMIF('CvsD_M2'!$B$4:$B$100,B14,'CvsD_M2'!$E$4:$E$100)+SUMIF('CvsD_M3'!$B$4:$B$100,B14,'CvsD_M3'!$E$4:$E$100)+SUMIF('CvsD_M4'!$B$4:$B$100,B14,'CvsD_M4'!$E$4:$E$100)+SUMIF('CvsD_M5'!$B$4:$B$100,B14,'CvsD_M5'!$E$4:$E$100)+SUMIF('CvsD_M6'!$B$4:$B$100,B14,'CvsD_M6'!$E$4:$E$100)+SUMIF('AvsC_M1'!$B$4:$B$100,B14,'AvsC_M1'!$E$4:$E$100)+SUMIF('AvsC_M2'!$B$4:$B$100,B14,'AvsC_M2'!$E$4:$E$100)+SUMIF('AvsC_M3'!$B$4:$B$100,B14,'AvsC_M3'!$E$4:$E$100)+SUMIF('AvsC_M4'!$B$4:$B$100,B14,'AvsC_M4'!$E$4:$E$100)+SUMIF('AvsC_M5'!$B$4:$B$100,B14,'AvsC_M5'!$E$4:$E$100)+SUMIF('AvsC_M6'!$B$4:$B$100,B14,'AvsC_M6'!$E$4:$E$100)+SUMIF('BvsD_M1'!$B$4:$B$100,B14,'BvsD_M1'!$E$4:$E$100)+SUMIF('BvsD_M2'!$B$4:$B$100,B14,'BvsD_M2'!$E$4:$E$100)+SUMIF('BvsD_M3'!$B$4:$B$100,B14,'BvsD_M3'!$E$4:$E$100)+SUMIF('BvsD_M4'!$B$4:$B$100,B14,'BvsD_M4'!$E$4:$E$100)+SUMIF('BvsD_M5'!$B$4:$B$100,B14,'BvsD_M5'!$E$4:$E$100)+SUMIF('BvsD_M6'!$B$4:$B$100,B14,'BvsD_M6'!$E$4:$E$100)+SUMIF('AvsD_M1'!$B$4:$B$100,B14,'AvsD_M1'!$E$4:$E$100)+SUMIF('AvsD_M2'!$B$4:$B$100,B14,'AvsD_M2'!$E$4:$E$100)+SUMIF('AvsD_M3'!$B$4:$B$100,B14,'AvsD_M3'!$E$4:$E$100)+SUMIF('AvsD_M4'!$B$4:$B$100,B14,'AvsD_M4'!$E$4:$E$100)+SUMIF('AvsD_M5'!$B$4:$B$100,B14,'AvsD_M5'!$E$4:$E$100)+SUMIF('AvsD_M6'!$B$4:$B$100,B14,'AvsD_M6'!$E$4:$E$100)+SUMIF('BvsC_M1'!$B$4:$B$100,B14,'BvsC_M1'!$E$4:$E$100)+SUMIF('BvsC_M2'!$B$4:$B$100,B14,'BvsC_M2'!$E$4:$E$100)+SUMIF('BvsC_M3'!$B$4:$B$100,B14,'BvsC_M3'!$E$4:$E$100)+SUMIF('BvsC_M4'!$B$4:$B$100,B14,'BvsC_M4'!$E$4:$E$100)+SUMIF('BvsC_M5'!$B$4:$B$100,B14,'BvsC_M5'!$E$4:$E$100)+SUMIF('BvsC_M6'!$B$4:$B$100,B14,'BvsC_M6'!$E$4:$E$100) | G14: =SUMIF('AvsB_M1'!$B$4:$B$100,B14,'AvsB_M1'!$F$4:$F$100)+SUMIF('AvsB_M2'!$B$4:$B$100,B14,'AvsB_M2'!$F$4:$F$100)+SUMIF('AvsB_M3'!$B$4:$B$100,B14,'AvsB_M3'!$F$4:$F$100)+SUMIF('AvsB_M4'!$B$4:$B$100,B14,'AvsB_M4'!$F$4:$F$100)+SUMIF('AvsB_M5'!$B$4:$B$100,B14,'AvsB_M5'!$F$4:$F$100)+SUMIF('AvsB_M6'!$B$4:$B$100,B14,'AvsB_M6'!$F$4:$F$100)+SUMIF('CvsD_M1'!$B$4:$B$100,B14,'CvsD_M1'!$F$4:$F$100)+SUMIF('CvsD_M2'!$B$4:$B$100,B14,'CvsD_M2'!$F$4:$F$100)+SUMIF('CvsD_M3'!$B$4:$B$100,B14,'CvsD_M3'!$F$4:$F$100)+SUMIF('CvsD_M4'!$B$4:$B$100,B14,'CvsD_M4'!$F$4:$F$100)+SUMIF('CvsD_M5'!$B$4:$B$100,B14,'CvsD_M5'!$F$4:$F$100)+SUMIF('CvsD_M6'!$B$4:$B$100,B14,'CvsD_M6'!$F$4:$F$100)+SUMIF('AvsC_M1'!$B$4:$B$100,B14,'AvsC_M1'!$F$4:$F$100)+SUMIF('AvsC_M2'!$B$4:$B$100,B14,'AvsC_M2'!$F$4:$F$100)+SUMIF('AvsC_M3'!$B$4:$B$100,B14,'AvsC_M3'!$F$4:$F$100)+SUMIF('AvsC_M4'!$B$4:$B$100,B14,'AvsC_M4'!$F$4:$F$100)+SUMIF('AvsC_M5'!$B$4:$B$100,B14,'AvsC_M5'!$F$4:$F$100)+SUMIF('AvsC_M6'!$B$4:$B$100,B14,'AvsC_M6'!$F$4:$F$100)+SUMIF('BvsD_M1'!$B$4:$B$100,B14,'BvsD_M1'!$F$4:$F$100)+SUMIF('BvsD_M2'!$B$4:$B$100,B14,'BvsD_M2'!$F$4:$F$100)+SUMIF('BvsD_M3'!$B$4:$B$100,B14,'BvsD_M3'!$F$4:$F$100)+SUMIF('BvsD_M4'!$B$4:$B$100,B14,'BvsD_M4'!$F$4:$F$100)+SUMIF('BvsD_M5'!$B$4:$B$100,B14,'BvsD_M5'!$F$4:$F$100)+SUMIF('BvsD_M6'!$B$4:$B$100,B14,'BvsD_M6'!$F$4:$F$100)+SUMIF('AvsD_M1'!$B$4:$B$100,B14,'AvsD_M1'!$F$4:$F$100)+SUMIF('AvsD_M2'!$B$4:$B$100,B14,'AvsD_M2'!$F$4:$F$100)+SUMIF('AvsD_M3'!$B$4:$B$100,B14,'AvsD_M3'!$F$4:$F$100)+SUMIF('AvsD_M4'!$B$4:$B$100,B14,'AvsD_M4'!$F$4:$F$100)+SUMIF('AvsD_M5'!$B$4:$B$100,B14,'AvsD_M5'!$F$4:$F$100)+SUMIF('AvsD_M6'!$B$4:$B$100,B14,'AvsD_M6'!$F$4:$F$100)+SUMIF('BvsC_M1'!$B$4:$B$100,B14,'BvsC_M1'!$F$4:$F$100)+SUMIF('BvsC_M2'!$B$4:$B$100,B14,'BvsC_M2'!$F$4:$F$100)+SUMIF('BvsC_M3'!$B$4:$B$100,B14,'BvsC_M3'!$F$4:$F$100)+SUMIF('BvsC_M4'!$B$4:$B$100,B14,'BvsC_M4'!$F$4:$F$100)+SUMIF('BvsC_M5'!$B$4:$B$100,B14,'BvsC_M5'!$F$4:$F$100)+SUMIF('BvsC_M6'!$B$4:$B$100,B14,'BvsC_M6'!$F$4:$F$100) | H14: =SUMIF('AvsB_M1'!$B$4:$B$100,B14,'AvsB_M1'!$G$4:$G$100)+SUMIF('AvsB_M2'!$B$4:$B$100,B14,'AvsB_M2'!$G$4:$G$100)+SUMIF('AvsB_M3'!$B$4:$B$100,B14,'AvsB_M3'!$G$4:$G$100)+SUMIF('AvsB_M4'!$B$4:$B$100,B14,'AvsB_M4'!$G$4:$G$100)+SUMIF('AvsB_M5'!$B$4:$B$100,B14,'AvsB_M5'!$G$4:$G$100)+SUMIF('AvsB_M6'!$B$4:$B$100,B14,'AvsB_M6'!$G$4:$G$100)+SUMIF('CvsD_M1'!$B$4:$B$100,B14,'CvsD_M1'!$G$4:$G$100)+SUMIF('CvsD_M2'!$B$4:$B$100,B14,'CvsD_M2'!$G$4:$G$100)+SUMIF('CvsD_M3'!$B$4:$B$100,B14,'CvsD_M3'!$G$4:$G$100)+SUMIF('CvsD_M4'!$B$4:$B$100,B14,'CvsD_M4'!$G$4:$G$100)+SUMIF('CvsD_M5'!$B$4:$B$100,B14,'CvsD_M5'!$G$4:$G$100)+SUMIF('CvsD_M6'!$B$4:$B$100,B14,'CvsD_M6'!$G$4:$G$100)+SUMIF('AvsC_M1'!$B$4:$B$100,B14,'AvsC_M1'!$G$4:$G$100)+SUMIF('AvsC_M2'!$B$4:$B$100,B14,'AvsC_M2'!$G$4:$G$100)+SUMIF('AvsC_M3'!$B$4:$B$100,B14,'AvsC_M3'!$G$4:$G$100)+SUMIF('AvsC_M4'!$B$4:$B$100,B14,'AvsC_M4'!$G$4:$G$100)+SUMIF('AvsC_M5'!$B$4:$B$100,B14,'AvsC_M5'!$G$4:$G$100)+SUMIF('AvsC_M6'!$B$4:$B$100,B14,'AvsC_M6'!$G$4:$G$100)+SUMIF('BvsD_M1'!$B$4:$B$100,B14,'BvsD_M1'!$G$4:$G$100)+SUMIF('BvsD_M2'!$B$4:$B$100,B14,'BvsD_M2'!$G$4:$G$100)+SUMIF('BvsD_M3'!$B$4:$B$100,B14,'BvsD_M3'!$G$4:$G$100)+SUMIF('BvsD_M4'!$B$4:$B$100,B14,'BvsD_M4'!$G$4:$G$100)+SUMIF('BvsD_M5'!$B$4:$B$100,B14,'BvsD_M5'!$G$4:$G$100)+SUMIF('BvsD_M6'!$B$4:$B$100,B14,'BvsD_M6'!$G$4:$G$100)+SUMIF('AvsD_M1'!$B$4:$B$100,B14,'AvsD_M1'!$G$4:$G$100)+SUMIF('AvsD_M2'!$B$4:$B$100,B14,'AvsD_M2'!$G$4:$G$100)+SUMIF('AvsD_M3'!$B$4:$B$100,B14,'AvsD_M3'!$G$4:$G$100)+SUMIF('AvsD_M4'!$B$4:$B$100,B14,'AvsD_M4'!$G$4:$G$100)+SUMIF('AvsD_M5'!$B$4:$B$100,B14,'AvsD_M5'!$G$4:$G$100)+SUMIF('AvsD_M6'!$B$4:$B$100,B14,'AvsD_M6'!$G$4:$G$100)+SUMIF('BvsC_M1'!$B$4:$B$100,B14,'BvsC_M1'!$G$4:$G$100)+SUMIF('BvsC_M2'!$B$4:$B$100,B14,'BvsC_M2'!$G$4:$G$100)+SUMIF('BvsC_M3'!$B$4:$B$100,B14,'BvsC_M3'!$G$4:$G$100)+SUMIF('BvsC_M4'!$B$4:$B$100,B14,'BvsC_M4'!$G$4:$G$100)+SUMIF('BvsC_M5'!$B$4:$B$100,B14,'BvsC_M5'!$G$4:$G$100)+SUMIF('BvsC_M6'!$B$4:$B$100,B14,'BvsC_M6'!$G$4:$G$100) | I14: =SUMIF('AvsB_M1'!$B$4:$B$100,B14,'AvsB_M1'!$H$4:$H$100)+SUMIF('AvsB_M2'!$B$4:$B$100,B14,'AvsB_M2'!$H$4:$H$100)+SUMIF('AvsB_M3'!$B$4:$B$100,B14,'AvsB_M3'!$H$4:$H$100)+SUMIF('AvsB_M4'!$B$4:$B$100,B14,'AvsB_M4'!$H$4:$H$100)+SUMIF('AvsB_M5'!$B$4:$B$100,B14,'AvsB_M5'!$H$4:$H$100)+SUMIF('AvsB_M6'!$B$4:$B$100,B14,'AvsB_M6'!$H$4:$H$100)+SUMIF('CvsD_M1'!$B$4:$B$100,B14,'CvsD_M1'!$H$4:$H$100)+SUMIF('CvsD_M2'!$B$4:$B$100,B14,'CvsD_M2'!$H$4:$H$100)+SUMIF('CvsD_M3'!$B$4:$B$100,B14,'CvsD_M3'!$H$4:$H$100)+SUMIF('CvsD_M4'!$B$4:$B$100,B14,'CvsD_M4'!$H$4:$H$100)+SUMIF('CvsD_M5'!$B$4:$B$100,B14,'CvsD_M5'!$H$4:$H$100)+SUMIF('CvsD_M6'!$B$4:$B$100,B14,'CvsD_M6'!$H$4:$H$100)+SUMIF('AvsC_M1'!$B$4:$B$100,B14,'AvsC_M1'!$H$4:$H$100)+SUMIF('AvsC_M2'!$B$4:$B$100,B14,'AvsC_M2'!$H$4:$H$100)+SUMIF('AvsC_M3'!$B$4:$B$100,B14,'AvsC_M3'!$H$4:$H$100)+SUMIF('AvsC_M4'!$B$4:$B$100,B14,'AvsC_M4'!$H$4:$H$100)+SUMIF('AvsC_M5'!$B$4:$B$100,B14,'AvsC_M5'!$H$4:$H$100)+SUMIF('AvsC_M6'!$B$4:$B$100,B14,'AvsC_M6'!$H$4:$H$100)+SUMIF('BvsD_M1'!$B$4:$B$100,B14,'BvsD_M1'!$H$4:$H$100)+SUMIF('BvsD_M2'!$B$4:$B$100,B14,'BvsD_M2'!$H$4:$H$100)+SUMIF('BvsD_M3'!$B$4:$B$100,B14,'BvsD_M3'!$H$4:$H$100)+SUMIF('BvsD_M4'!$B$4:$B$100,B14,'BvsD_M4'!$H$4:$H$100)+SUMIF('BvsD_M5'!$B$4:$B$100,B14,'BvsD_M5'!$H$4:$H$100)+SUMIF('BvsD_M6'!$B$4:$B$100,B14,'BvsD_M6'!$H$4:$H$100)+SUMIF('AvsD_M1'!$B$4:$B$100,B14,'AvsD_M1'!$H$4:$H$100)+SUMIF('AvsD_M2'!$B$4:$B$100,B14,'AvsD_M2'!$H$4:$H$100)+SUMIF('AvsD_M3'!$B$4:$B$100,B14,'AvsD_M3'!$H$4:$H$100)+SUMIF('AvsD_M4'!$B$4:$B$100,B14,'AvsD_M4'!$H$4:$H$100)+SUMIF('AvsD_M5'!$B$4:$B$100,B14,'AvsD_M5'!$H$4:$H$100)+SUMIF('AvsD_M6'!$B$4:$B$100,B14,'AvsD_M6'!$H$4:$H$100)+SUMIF('BvsC_M1'!$B$4:$B$100,B14,'BvsC_M1'!$H$4:$H$100)+SUMIF('BvsC_M2'!$B$4:$B$100,B14,'BvsC_M2'!$H$4:$H$100)+SUMIF('BvsC_M3'!$B$4:$B$100,B14,'BvsC_M3'!$H$4:$H$100)+SUMIF('BvsC_M4'!$B$4:$B$100,B14,'BvsC_M4'!$H$4:$H$100)+SUMIF('BvsC_M5'!$B$4:$B$100,B14,'BvsC_M5'!$H$4:$H$100)+SUMIF('BvsC_M6'!$B$4:$B$100,B14,'BvsC_M6'!$H$4:$H$100) | J14: =SUMIF('AvsB_M1'!$B$4:$B$100,B14,'AvsB_M1'!$I$4:$I$100)+SUMIF('AvsB_M2'!$B$4:$B$100,B14,'AvsB_M2'!$I$4:$I$100)+SUMIF('AvsB_M3'!$B$4:$B$100,B14,'AvsB_M3'!$I$4:$I$100)+SUMIF('AvsB_M4'!$B$4:$B$100,B14,'AvsB_M4'!$I$4:$I$100)+SUMIF('AvsB_M5'!$B$4:$B$100,B14,'AvsB_M5'!$I$4:$I$100)+SUMIF('AvsB_M6'!$B$4:$B$100,B14,'AvsB_M6'!$I$4:$I$100)+SUMIF('CvsD_M1'!$B$4:$B$100,B14,'CvsD_M1'!$I$4:$I$100)+SUMIF('CvsD_M2'!$B$4:$B$100,B14,'CvsD_M2'!$I$4:$I$100)+SUMIF('CvsD_M3'!$B$4:$B$100,B14,'CvsD_M3'!$I$4:$I$100)+SUMIF('CvsD_M4'!$B$4:$B$100,B14,'CvsD_M4'!$I$4:$I$100)+SUMIF('CvsD_M5'!$B$4:$B$100,B14,'CvsD_M5'!$I$4:$I$100)+SUMIF('CvsD_M6'!$B$4:$B$100,B14,'CvsD_M6'!$I$4:$I$100)+SUMIF('AvsC_M1'!$B$4:$B$100,B14,'AvsC_M1'!$I$4:$I$100)+SUMIF('AvsC_M2'!$B$4:$B$100,B14,'AvsC_M2'!$I$4:$I$100)+SUMIF('AvsC_M3'!$B$4:$B$100,B14,'AvsC_M3'!$I$4:$I$100)+SUMIF('AvsC_M4'!$B$4:$B$100,B14,'AvsC_M4'!$I$4:$I$100)+SUMIF('AvsC_M5'!$B$4:$B$100,B14,'AvsC_M5'!$I$4:$I$100)+SUMIF('AvsC_M6'!$B$4:$B$100,B14,'AvsC_M6'!$I$4:$I$100)+SUMIF('BvsD_M1'!$B$4:$B$100,B14,'BvsD_M1'!$I$4:$I$100)+SUMIF('BvsD_M2'!$B$4:$B$100,B14,'BvsD_M2'!$I$4:$I$100)+SUMIF('BvsD_M3'!$B$4:$B$100,B14,'BvsD_M3'!$I$4:$I$100)+SUMIF('BvsD_M4'!$B$4:$B$100,B14,'BvsD_M4'!$I$4:$I$100)+SUMIF('BvsD_M5'!$B$4:$B$100,B14,'BvsD_M5'!$I$4:$I$100)+SUMIF('BvsD_M6'!$B$4:$B$100,B14,'BvsD_M6'!$I$4:$I$100)+SUMIF('AvsD_M1'!$B$4:$B$100,B14,'AvsD_M1'!$I$4:$I$100)+SUMIF('AvsD_M2'!$B$4:$B$100,B14,'AvsD_M2'!$I$4:$I$100)+SUMIF('AvsD_M3'!$B$4:$B$100,B14,'AvsD_M3'!$I$4:$I$100)+SUMIF('AvsD_M4'!$B$4:$B$100,B14,'AvsD_M4'!$I$4:$I$100)+SUMIF('AvsD_M5'!$B$4:$B$100,B14,'AvsD_M5'!$I$4:$I$100)+SUMIF('AvsD_M6'!$B$4:$B$100,B14,'AvsD_M6'!$I$4:$I$100)+SUMIF('BvsC_M1'!$B$4:$B$100,B14,'BvsC_M1'!$I$4:$I$100)+SUMIF('BvsC_M2'!$B$4:$B$100,B14,'BvsC_M2'!$I$4:$I$100)+SUMIF('BvsC_M3'!$B$4:$B$100,B14,'BvsC_M3'!$I$4:$I$100)+SUMIF('BvsC_M4'!$B$4:$B$100,B14,'BvsC_M4'!$I$4:$I$100)+SUMIF('BvsC_M5'!$B$4:$B$100,B14,'BvsC_M5'!$I$4:$I$100)+SUMIF('BvsC_M6'!$B$4:$B$100,B14,'BvsC_M6'!$I$4:$I$100)
A15: 12 | B15: UNKRITHI 2 | C15: =COUNTIF('AvsB_M1'!$B$4:$B$100,B15)+COUNTIF('AvsB_M2'!$B$4:$B$100,B15)+COUNTIF('AvsB_M3'!$B$4:$B$100,B15)+COUNTIF('AvsB_M4'!$B$4:$B$100,B15)+COUNTIF('AvsB_M5'!$B$4:$B$100,B15)+COUNTIF('AvsB_M6'!$B$4:$B$100,B15)+COUNTIF('CvsD_M1'!$B$4:$B$100,B15)+COUNTIF('CvsD_M2'!$B$4:$B$100,B15)+COUNTIF('CvsD_M3'!$B$4:$B$100,B15)+COUNTIF('CvsD_M4'!$B$4:$B$100,B15)+COUNTIF('CvsD_M5'!$B$4:$B$100,B15)+COUNTIF('CvsD_M6'!$B$4:$B$100,B15)+COUNTIF('AvsC_M1'!$B$4:$B$100,B15)+COUNTIF('AvsC_M2'!$B$4:$B$100,B15)+COUNTIF('AvsC_M3'!$B$4:$B$100,B15)+COUNTIF('AvsC_M4'!$B$4:$B$100,B15)+COUNTIF('AvsC_M5'!$B$4:$B$100,B15)+COUNTIF('AvsC_M6'!$B$4:$B$100,B15)+COUNTIF('BvsD_M1'!$B$4:$B$100,B15)+COUNTIF('BvsD_M2'!$B$4:$B$100,B15)+COUNTIF('BvsD_M3'!$B$4:$B$100,B15)+COUNTIF('BvsD_M4'!$B$4:$B$100,B15)+COUNTIF('BvsD_M5'!$B$4:$B$100,B15)+COUNTIF('BvsD_M6'!$B$4:$B$100,B15)+COUNTIF('AvsD_M1'!$B$4:$B$100,B15)+COUNTIF('AvsD_M2'!$B$4:$B$100,B15)+COUNTIF('AvsD_M3'!$B$4:$B$100,B15)+COUNTIF('AvsD_M4'!$B$4:$B$100,B15)+COUNTIF('AvsD_M5'!$B$4:$B$100,B15)+COUNTIF('AvsD_M6'!$B$4:$B$100,B15)+COUNTIF('BvsC_M1'!$B$4:$B$100,B15)+COUNTIF('BvsC_M2'!$B$4:$B$100,B15)+COUNTIF('BvsC_M3'!$B$4:$B$100,B15)+COUNTIF('BvsC_M4'!$B$4:$B$100,B15)+COUNTIF('BvsC_M5'!$B$4:$B$100,B15)+COUNTIF('BvsC_M6'!$B$4:$B$100,B15) | D15: =SUMIF('AvsB_M1'!$B$4:$B$100,B15,'AvsB_M1'!$C$4:$C$100)+SUMIF('AvsB_M2'!$B$4:$B$100,B15,'AvsB_M2'!$C$4:$C$100)+SUMIF('AvsB_M3'!$B$4:$B$100,B15,'AvsB_M3'!$C$4:$C$100)+SUMIF('AvsB_M4'!$B$4:$B$100,B15,'AvsB_M4'!$C$4:$C$100)+SUMIF('AvsB_M5'!$B$4:$B$100,B15,'AvsB_M5'!$C$4:$C$100)+SUMIF('AvsB_M6'!$B$4:$B$100,B15,'AvsB_M6'!$C$4:$C$100)+SUMIF('CvsD_M1'!$B$4:$B$100,B15,'CvsD_M1'!$C$4:$C$100)+SUMIF('CvsD_M2'!$B$4:$B$100,B15,'CvsD_M2'!$C$4:$C$100)+SUMIF('CvsD_M3'!$B$4:$B$100,B15,'CvsD_M3'!$C$4:$C$100)+SUMIF('CvsD_M4'!$B$4:$B$100,B15,'CvsD_M4'!$C$4:$C$100)+SUMIF('CvsD_M5'!$B$4:$B$100,B15,'CvsD_M5'!$C$4:$C$100)+SUMIF('CvsD_M6'!$B$4:$B$100,B15,'CvsD_M6'!$C$4:$C$100)+SUMIF('AvsC_M1'!$B$4:$B$100,B15,'AvsC_M1'!$C$4:$C$100)+SUMIF('AvsC_M2'!$B$4:$B$100,B15,'AvsC_M2'!$C$4:$C$100)+SUMIF('AvsC_M3'!$B$4:$B$100,B15,'AvsC_M3'!$C$4:$C$100)+SUMIF('AvsC_M4'!$B$4:$B$100,B15,'AvsC_M4'!$C$4:$C$100)+SUMIF('AvsC_M5'!$B$4:$B$100,B15,'AvsC_M5'!$C$4:$C$100)+SUMIF('AvsC_M6'!$B$4:$B$100,B15,'AvsC_M6'!$C$4:$C$100)+SUMIF('BvsD_M1'!$B$4:$B$100,B15,'BvsD_M1'!$C$4:$C$100)+SUMIF('BvsD_M2'!$B$4:$B$100,B15,'BvsD_M2'!$C$4:$C$100)+SUMIF('BvsD_M3'!$B$4:$B$100,B15,'BvsD_M3'!$C$4:$C$100)+SUMIF('BvsD_M4'!$B$4:$B$100,B15,'BvsD_M4'!$C$4:$C$100)+SUMIF('BvsD_M5'!$B$4:$B$100,B15,'BvsD_M5'!$C$4:$C$100)+SUMIF('BvsD_M6'!$B$4:$B$100,B15,'BvsD_M6'!$C$4:$C$100)+SUMIF('AvsD_M1'!$B$4:$B$100,B15,'AvsD_M1'!$C$4:$C$100)+SUMIF('AvsD_M2'!$B$4:$B$100,B15,'AvsD_M2'!$C$4:$C$100)+SUMIF('AvsD_M3'!$B$4:$B$100,B15,'AvsD_M3'!$C$4:$C$100)+SUMIF('AvsD_M4'!$B$4:$B$100,B15,'AvsD_M4'!$C$4:$C$100)+SUMIF('AvsD_M5'!$B$4:$B$100,B15,'AvsD_M5'!$C$4:$C$100)+SUMIF('AvsD_M6'!$B$4:$B$100,B15,'AvsD_M6'!$C$4:$C$100)+SUMIF('BvsC_M1'!$B$4:$B$100,B15,'BvsC_M1'!$C$4:$C$100)+SUMIF('BvsC_M2'!$B$4:$B$100,B15,'BvsC_M2'!$C$4:$C$100)+SUMIF('BvsC_M3'!$B$4:$B$100,B15,'BvsC_M3'!$C$4:$C$100)+SUMIF('BvsC_M4'!$B$4:$B$100,B15,'BvsC_M4'!$C$4:$C$100)+SUMIF('BvsC_M5'!$B$4:$B$100,B15,'BvsC_M5'!$C$4:$C$100)+SUMIF('BvsC_M6'!$B$4:$B$100,B15,'BvsC_M6'!$C$4:$C$100) | E15: =SUMIF('AvsB_M1'!$B$4:$B$100,B15,'AvsB_M1'!$D$4:$D$100)+SUMIF('AvsB_M2'!$B$4:$B$100,B15,'AvsB_M2'!$D$4:$D$100)+SUMIF('AvsB_M3'!$B$4:$B$100,B15,'AvsB_M3'!$D$4:$D$100)+SUMIF('AvsB_M4'!$B$4:$B$100,B15,'AvsB_M4'!$D$4:$D$100)+SUMIF('AvsB_M5'!$B$4:$B$100,B15,'AvsB_M5'!$D$4:$D$100)+SUMIF('AvsB_M6'!$B$4:$B$100,B15,'AvsB_M6'!$D$4:$D$100)+SUMIF('CvsD_M1'!$B$4:$B$100,B15,'CvsD_M1'!$D$4:$D$100)+SUMIF('CvsD_M2'!$B$4:$B$100,B15,'CvsD_M2'!$D$4:$D$100)+SUMIF('CvsD_M3'!$B$4:$B$100,B15,'CvsD_M3'!$D$4:$D$100)+SUMIF('CvsD_M4'!$B$4:$B$100,B15,'CvsD_M4'!$D$4:$D$100)+SUMIF('CvsD_M5'!$B$4:$B$100,B15,'CvsD_M5'!$D$4:$D$100)+SUMIF('CvsD_M6'!$B$4:$B$100,B15,'CvsD_M6'!$D$4:$D$100)+SUMIF('AvsC_M1'!$B$4:$B$100,B15,'AvsC_M1'!$D$4:$D$100)+SUMIF('AvsC_M2'!$B$4:$B$100,B15,'AvsC_M2'!$D$4:$D$100)+SUMIF('AvsC_M3'!$B$4:$B$100,B15,'AvsC_M3'!$D$4:$D$100)+SUMIF('AvsC_M4'!$B$4:$B$100,B15,'AvsC_M4'!$D$4:$D$100)+SUMIF('AvsC_M5'!$B$4:$B$100,B15,'AvsC_M5'!$D$4:$D$100)+SUMIF('AvsC_M6'!$B$4:$B$100,B15,'AvsC_M6'!$D$4:$D$100)+SUMIF('BvsD_M1'!$B$4:$B$100,B15,'BvsD_M1'!$D$4:$D$100)+SUMIF('BvsD_M2'!$B$4:$B$100,B15,'BvsD_M2'!$D$4:$D$100)+SUMIF('BvsD_M3'!$B$4:$B$100,B15,'BvsD_M3'!$D$4:$D$100)+SUMIF('BvsD_M4'!$B$4:$B$100,B15,'BvsD_M4'!$D$4:$D$100)+SUMIF('BvsD_M5'!$B$4:$B$100,B15,'BvsD_M5'!$D$4:$D$100)+SUMIF('BvsD_M6'!$B$4:$B$100,B15,'BvsD_M6'!$D$4:$D$100)+SUMIF('AvsD_M1'!$B$4:$B$100,B15,'AvsD_M1'!$D$4:$D$100)+SUMIF('AvsD_M2'!$B$4:$B$100,B15,'AvsD_M2'!$D$4:$D$100)+SUMIF('AvsD_M3'!$B$4:$B$100,B15,'AvsD_M3'!$D$4:$D$100)+SUMIF('AvsD_M4'!$B$4:$B$100,B15,'AvsD_M4'!$D$4:$D$100)+SUMIF('AvsD_M5'!$B$4:$B$100,B15,'AvsD_M5'!$D$4:$D$100)+SUMIF('AvsD_M6'!$B$4:$B$100,B15,'AvsD_M6'!$D$4:$D$100)+SUMIF('BvsC_M1'!$B$4:$B$100,B15,'BvsC_M1'!$D$4:$D$100)+SUMIF('BvsC_M2'!$B$4:$B$100,B15,'BvsC_M2'!$D$4:$D$100)+SUMIF('BvsC_M3'!$B$4:$B$100,B15,'BvsC_M3'!$D$4:$D$100)+SUMIF('BvsC_M4'!$B$4:$B$100,B15,'BvsC_M4'!$D$4:$D$100)+SUMIF('BvsC_M5'!$B$4:$B$100,B15,'BvsC_M5'!$D$4:$D$100)+SUMIF('BvsC_M6'!$B$4:$B$100,B15,'BvsC_M6'!$D$4:$D$100) | F15: =SUMIF('AvsB_M1'!$B$4:$B$100,B15,'AvsB_M1'!$E$4:$E$100)+SUMIF('AvsB_M2'!$B$4:$B$100,B15,'AvsB_M2'!$E$4:$E$100)+SUMIF('AvsB_M3'!$B$4:$B$100,B15,'AvsB_M3'!$E$4:$E$100)+SUMIF('AvsB_M4'!$B$4:$B$100,B15,'AvsB_M4'!$E$4:$E$100)+SUMIF('AvsB_M5'!$B$4:$B$100,B15,'AvsB_M5'!$E$4:$E$100)+SUMIF('AvsB_M6'!$B$4:$B$100,B15,'AvsB_M6'!$E$4:$E$100)+SUMIF('CvsD_M1'!$B$4:$B$100,B15,'CvsD_M1'!$E$4:$E$100)+SUMIF('CvsD_M2'!$B$4:$B$100,B15,'CvsD_M2'!$E$4:$E$100)+SUMIF('CvsD_M3'!$B$4:$B$100,B15,'CvsD_M3'!$E$4:$E$100)+SUMIF('CvsD_M4'!$B$4:$B$100,B15,'CvsD_M4'!$E$4:$E$100)+SUMIF('CvsD_M5'!$B$4:$B$100,B15,'CvsD_M5'!$E$4:$E$100)+SUMIF('CvsD_M6'!$B$4:$B$100,B15,'CvsD_M6'!$E$4:$E$100)+SUMIF('AvsC_M1'!$B$4:$B$100,B15,'AvsC_M1'!$E$4:$E$100)+SUMIF('AvsC_M2'!$B$4:$B$100,B15,'AvsC_M2'!$E$4:$E$100)+SUMIF('AvsC_M3'!$B$4:$B$100,B15,'AvsC_M3'!$E$4:$E$100)+SUMIF('AvsC_M4'!$B$4:$B$100,B15,'AvsC_M4'!$E$4:$E$100)+SUMIF('AvsC_M5'!$B$4:$B$100,B15,'AvsC_M5'!$E$4:$E$100)+SUMIF('AvsC_M6'!$B$4:$B$100,B15,'AvsC_M6'!$E$4:$E$100)+SUMIF('BvsD_M1'!$B$4:$B$100,B15,'BvsD_M1'!$E$4:$E$100)+SUMIF('BvsD_M2'!$B$4:$B$100,B15,'BvsD_M2'!$E$4:$E$100)+SUMIF('BvsD_M3'!$B$4:$B$100,B15,'BvsD_M3'!$E$4:$E$100)+SUMIF('BvsD_M4'!$B$4:$B$100,B15,'BvsD_M4'!$E$4:$E$100)+SUMIF('BvsD_M5'!$B$4:$B$100,B15,'BvsD_M5'!$E$4:$E$100)+SUMIF('BvsD_M6'!$B$4:$B$100,B15,'BvsD_M6'!$E$4:$E$100)+SUMIF('AvsD_M1'!$B$4:$B$100,B15,'AvsD_M1'!$E$4:$E$100)+SUMIF('AvsD_M2'!$B$4:$B$100,B15,'AvsD_M2'!$E$4:$E$100)+SUMIF('AvsD_M3'!$B$4:$B$100,B15,'AvsD_M3'!$E$4:$E$100)+SUMIF('AvsD_M4'!$B$4:$B$100,B15,'AvsD_M4'!$E$4:$E$100)+SUMIF('AvsD_M5'!$B$4:$B$100,B15,'AvsD_M5'!$E$4:$E$100)+SUMIF('AvsD_M6'!$B$4:$B$100,B15,'AvsD_M6'!$E$4:$E$100)+SUMIF('BvsC_M1'!$B$4:$B$100,B15,'BvsC_M1'!$E$4:$E$100)+SUMIF('BvsC_M2'!$B$4:$B$100,B15,'BvsC_M2'!$E$4:$E$100)+SUMIF('BvsC_M3'!$B$4:$B$100,B15,'BvsC_M3'!$E$4:$E$100)+SUMIF('BvsC_M4'!$B$4:$B$100,B15,'BvsC_M4'!$E$4:$E$100)+SUMIF('BvsC_M5'!$B$4:$B$100,B15,'BvsC_M5'!$E$4:$E$100)+SUMIF('BvsC_M6'!$B$4:$B$100,B15,'BvsC_M6'!$E$4:$E$100) | G15: =SUMIF('AvsB_M1'!$B$4:$B$100,B15,'AvsB_M1'!$F$4:$F$100)+SUMIF('AvsB_M2'!$B$4:$B$100,B15,'AvsB_M2'!$F$4:$F$100)+SUMIF('AvsB_M3'!$B$4:$B$100,B15,'AvsB_M3'!$F$4:$F$100)+SUMIF('AvsB_M4'!$B$4:$B$100,B15,'AvsB_M4'!$F$4:$F$100)+SUMIF('AvsB_M5'!$B$4:$B$100,B15,'AvsB_M5'!$F$4:$F$100)+SUMIF('AvsB_M6'!$B$4:$B$100,B15,'AvsB_M6'!$F$4:$F$100)+SUMIF('CvsD_M1'!$B$4:$B$100,B15,'CvsD_M1'!$F$4:$F$100)+SUMIF('CvsD_M2'!$B$4:$B$100,B15,'CvsD_M2'!$F$4:$F$100)+SUMIF('CvsD_M3'!$B$4:$B$100,B15,'CvsD_M3'!$F$4:$F$100)+SUMIF('CvsD_M4'!$B$4:$B$100,B15,'CvsD_M4'!$F$4:$F$100)+SUMIF('CvsD_M5'!$B$4:$B$100,B15,'CvsD_M5'!$F$4:$F$100)+SUMIF('CvsD_M6'!$B$4:$B$100,B15,'CvsD_M6'!$F$4:$F$100)+SUMIF('AvsC_M1'!$B$4:$B$100,B15,'AvsC_M1'!$F$4:$F$100)+SUMIF('AvsC_M2'!$B$4:$B$100,B15,'AvsC_M2'!$F$4:$F$100)+SUMIF('AvsC_M3'!$B$4:$B$100,B15,'AvsC_M3'!$F$4:$F$100)+SUMIF('AvsC_M4'!$B$4:$B$100,B15,'AvsC_M4'!$F$4:$F$100)+SUMIF('AvsC_M5'!$B$4:$B$100,B15,'AvsC_M5'!$F$4:$F$100)+SUMIF('AvsC_M6'!$B$4:$B$100,B15,'AvsC_M6'!$F$4:$F$100)+SUMIF('BvsD_M1'!$B$4:$B$100,B15,'BvsD_M1'!$F$4:$F$100)+SUMIF('BvsD_M2'!$B$4:$B$100,B15,'BvsD_M2'!$F$4:$F$100)+SUMIF('BvsD_M3'!$B$4:$B$100,B15,'BvsD_M3'!$F$4:$F$100)+SUMIF('BvsD_M4'!$B$4:$B$100,B15,'BvsD_M4'!$F$4:$F$100)+SUMIF('BvsD_M5'!$B$4:$B$100,B15,'BvsD_M5'!$F$4:$F$100)+SUMIF('BvsD_M6'!$B$4:$B$100,B15,'BvsD_M6'!$F$4:$F$100)+SUMIF('AvsD_M1'!$B$4:$B$100,B15,'AvsD_M1'!$F$4:$F$100)+SUMIF('AvsD_M2'!$B$4:$B$100,B15,'AvsD_M2'!$F$4:$F$100)+SUMIF('AvsD_M3'!$B$4:$B$100,B15,'AvsD_M3'!$F$4:$F$100)+SUMIF('AvsD_M4'!$B$4:$B$100,B15,'AvsD_M4'!$F$4:$F$100)+SUMIF('AvsD_M5'!$B$4:$B$100,B15,'AvsD_M5'!$F$4:$F$100)+SUMIF('AvsD_M6'!$B$4:$B$100,B15,'AvsD_M6'!$F$4:$F$100)+SUMIF('BvsC_M1'!$B$4:$B$100,B15,'BvsC_M1'!$F$4:$F$100)+SUMIF('BvsC_M2'!$B$4:$B$100,B15,'BvsC_M2'!$F$4:$F$100)+SUMIF('BvsC_M3'!$B$4:$B$100,B15,'BvsC_M3'!$F$4:$F$100)+SUMIF('BvsC_M4'!$B$4:$B$100,B15,'BvsC_M4'!$F$4:$F$100)+SUMIF('BvsC_M5'!$B$4:$B$100,B15,'BvsC_M5'!$F$4:$F$100)+SUMIF('BvsC_M6'!$B$4:$B$100,B15,'BvsC_M6'!$F$4:$F$100) | H15: =SUMIF('AvsB_M1'!$B$4:$B$100,B15,'AvsB_M1'!$G$4:$G$100)+SUMIF('AvsB_M2'!$B$4:$B$100,B15,'AvsB_M2'!$G$4:$G$100)+SUMIF('AvsB_M3'!$B$4:$B$100,B15,'AvsB_M3'!$G$4:$G$100)+SUMIF('AvsB_M4'!$B$4:$B$100,B15,'AvsB_M4'!$G$4:$G$100)+SUMIF('AvsB_M5'!$B$4:$B$100,B15,'AvsB_M5'!$G$4:$G$100)+SUMIF('AvsB_M6'!$B$4:$B$100,B15,'AvsB_M6'!$G$4:$G$100)+SUMIF('CvsD_M1'!$B$4:$B$100,B15,'CvsD_M1'!$G$4:$G$100)+SUMIF('CvsD_M2'!$B$4:$B$100,B15,'CvsD_M2'!$G$4:$G$100)+SUMIF('CvsD_M3'!$B$4:$B$100,B15,'CvsD_M3'!$G$4:$G$100)+SUMIF('CvsD_M4'!$B$4:$B$100,B15,'CvsD_M4'!$G$4:$G$100)+SUMIF('CvsD_M5'!$B$4:$B$100,B15,'CvsD_M5'!$G$4:$G$100)+SUMIF('CvsD_M6'!$B$4:$B$100,B15,'CvsD_M6'!$G$4:$G$100)+SUMIF('AvsC_M1'!$B$4:$B$100,B15,'AvsC_M1'!$G$4:$G$100)+SUMIF('AvsC_M2'!$B$4:$B$100,B15,'AvsC_M2'!$G$4:$G$100)+SUMIF('AvsC_M3'!$B$4:$B$100,B15,'AvsC_M3'!$G$4:$G$100)+SUMIF('AvsC_M4'!$B$4:$B$100,B15,'AvsC_M4'!$G$4:$G$100)+SUMIF('AvsC_M5'!$B$4:$B$100,B15,'AvsC_M5'!$G$4:$G$100)+SUMIF('AvsC_M6'!$B$4:$B$100,B15,'AvsC_M6'!$G$4:$G$100)+SUMIF('BvsD_M1'!$B$4:$B$100,B15,'BvsD_M1'!$G$4:$G$100)+SUMIF('BvsD_M2'!$B$4:$B$100,B15,'BvsD_M2'!$G$4:$G$100)+SUMIF('BvsD_M3'!$B$4:$B$100,B15,'BvsD_M3'!$G$4:$G$100)+SUMIF('BvsD_M4'!$B$4:$B$100,B15,'BvsD_M4'!$G$4:$G$100)+SUMIF('BvsD_M5'!$B$4:$B$100,B15,'BvsD_M5'!$G$4:$G$100)+SUMIF('BvsD_M6'!$B$4:$B$100,B15,'BvsD_M6'!$G$4:$G$100)+SUMIF('AvsD_M1'!$B$4:$B$100,B15,'AvsD_M1'!$G$4:$G$100)+SUMIF('AvsD_M2'!$B$4:$B$100,B15,'AvsD_M2'!$G$4:$G$100)+SUMIF('AvsD_M3'!$B$4:$B$100,B15,'AvsD_M3'!$G$4:$G$100)+SUMIF('AvsD_M4'!$B$4:$B$100,B15,'AvsD_M4'!$G$4:$G$100)+SUMIF('AvsD_M5'!$B$4:$B$100,B15,'AvsD_M5'!$G$4:$G$100)+SUMIF('AvsD_M6'!$B$4:$B$100,B15,'AvsD_M6'!$G$4:$G$100)+SUMIF('BvsC_M1'!$B$4:$B$100,B15,'BvsC_M1'!$G$4:$G$100)+SUMIF('BvsC_M2'!$B$4:$B$100,B15,'BvsC_M2'!$G$4:$G$100)+SUMIF('BvsC_M3'!$B$4:$B$100,B15,'BvsC_M3'!$G$4:$G$100)+SUMIF('BvsC_M4'!$B$4:$B$100,B15,'BvsC_M4'!$G$4:$G$100)+SUMIF('BvsC_M5'!$B$4:$B$100,B15,'BvsC_M5'!$G$4:$G$100)+SUMIF('BvsC_M6'!$B$4:$B$100,B15,'BvsC_M6'!$G$4:$G$100) | I15: =SUMIF('AvsB_M1'!$B$4:$B$100,B15,'AvsB_M1'!$H$4:$H$100)+SUMIF('AvsB_M2'!$B$4:$B$100,B15,'AvsB_M2'!$H$4:$H$100)+SUMIF('AvsB_M3'!$B$4:$B$100,B15,'AvsB_M3'!$H$4:$H$100)+SUMIF('AvsB_M4'!$B$4:$B$100,B15,'AvsB_M4'!$H$4:$H$100)+SUMIF('AvsB_M5'!$B$4:$B$100,B15,'AvsB_M5'!$H$4:$H$100)+SUMIF('AvsB_M6'!$B$4:$B$100,B15,'AvsB_M6'!$H$4:$H$100)+SUMIF('CvsD_M1'!$B$4:$B$100,B15,'CvsD_M1'!$H$4:$H$100)+SUMIF('CvsD_M2'!$B$4:$B$100,B15,'CvsD_M2'!$H$4:$H$100)+SUMIF('CvsD_M3'!$B$4:$B$100,B15,'CvsD_M3'!$H$4:$H$100)+SUMIF('CvsD_M4'!$B$4:$B$100,B15,'CvsD_M4'!$H$4:$H$100)+SUMIF('CvsD_M5'!$B$4:$B$100,B15,'CvsD_M5'!$H$4:$H$100)+SUMIF('CvsD_M6'!$B$4:$B$100,B15,'CvsD_M6'!$H$4:$H$100)+SUMIF('AvsC_M1'!$B$4:$B$100,B15,'AvsC_M1'!$H$4:$H$100)+SUMIF('AvsC_M2'!$B$4:$B$100,B15,'AvsC_M2'!$H$4:$H$100)+SUMIF('AvsC_M3'!$B$4:$B$100,B15,'AvsC_M3'!$H$4:$H$100)+SUMIF('AvsC_M4'!$B$4:$B$100,B15,'AvsC_M4'!$H$4:$H$100)+SUMIF('AvsC_M5'!$B$4:$B$100,B15,'AvsC_M5'!$H$4:$H$100)+SUMIF('AvsC_M6'!$B$4:$B$100,B15,'AvsC_M6'!$H$4:$H$100)+SUMIF('BvsD_M1'!$B$4:$B$100,B15,'BvsD_M1'!$H$4:$H$100)+SUMIF('BvsD_M2'!$B$4:$B$100,B15,'BvsD_M2'!$H$4:$H$100)+SUMIF('BvsD_M3'!$B$4:$B$100,B15,'BvsD_M3'!$H$4:$H$100)+SUMIF('BvsD_M4'!$B$4:$B$100,B15,'BvsD_M4'!$H$4:$H$100)+SUMIF('BvsD_M5'!$B$4:$B$100,B15,'BvsD_M5'!$H$4:$H$100)+SUMIF('BvsD_M6'!$B$4:$B$100,B15,'BvsD_M6'!$H$4:$H$100)+SUMIF('AvsD_M1'!$B$4:$B$100,B15,'AvsD_M1'!$H$4:$H$100)+SUMIF('AvsD_M2'!$B$4:$B$100,B15,'AvsD_M2'!$H$4:$H$100)+SUMIF('AvsD_M3'!$B$4:$B$100,B15,'AvsD_M3'!$H$4:$H$100)+SUMIF('AvsD_M4'!$B$4:$B$100,B15,'AvsD_M4'!$H$4:$H$100)+SUMIF('AvsD_M5'!$B$4:$B$100,B15,'AvsD_M5'!$H$4:$H$100)+SUMIF('AvsD_M6'!$B$4:$B$100,B15,'AvsD_M6'!$H$4:$H$100)+SUMIF('BvsC_M1'!$B$4:$B$100,B15,'BvsC_M1'!$H$4:$H$100)+SUMIF('BvsC_M2'!$B$4:$B$100,B15,'BvsC_M2'!$H$4:$H$100)+SUMIF('BvsC_M3'!$B$4:$B$100,B15,'BvsC_M3'!$H$4:$H$100)+SUMIF('BvsC_M4'!$B$4:$B$100,B15,'BvsC_M4'!$H$4:$H$100)+SUMIF('BvsC_M5'!$B$4:$B$100,B15,'BvsC_M5'!$H$4:$H$100)+SUMIF('BvsC_M6'!$B$4:$B$100,B15,'BvsC_M6'!$H$4:$H$100) | J15: =SUMIF('AvsB_M1'!$B$4:$B$100,B15,'AvsB_M1'!$I$4:$I$100)+SUMIF('AvsB_M2'!$B$4:$B$100,B15,'AvsB_M2'!$I$4:$I$100)+SUMIF('AvsB_M3'!$B$4:$B$100,B15,'AvsB_M3'!$I$4:$I$100)+SUMIF('AvsB_M4'!$B$4:$B$100,B15,'AvsB_M4'!$I$4:$I$100)+SUMIF('AvsB_M5'!$B$4:$B$100,B15,'AvsB_M5'!$I$4:$I$100)+SUMIF('AvsB_M6'!$B$4:$B$100,B15,'AvsB_M6'!$I$4:$I$100)+SUMIF('CvsD_M1'!$B$4:$B$100,B15,'CvsD_M1'!$I$4:$I$100)+SUMIF('CvsD_M2'!$B$4:$B$100,B15,'CvsD_M2'!$I$4:$I$100)+SUMIF('CvsD_M3'!$B$4:$B$100,B15,'CvsD_M3'!$I$4:$I$100)+SUMIF('CvsD_M4'!$B$4:$B$100,B15,'CvsD_M4'!$I$4:$I$100)+SUMIF('CvsD_M5'!$B$4:$B$100,B15,'CvsD_M5'!$I$4:$I$100)+SUMIF('CvsD_M6'!$B$4:$B$100,B15,'CvsD_M6'!$I$4:$I$100)+SUMIF('AvsC_M1'!$B$4:$B$100,B15,'AvsC_M1'!$I$4:$I$100)+SUMIF('AvsC_M2'!$B$4:$B$100,B15,'AvsC_M2'!$I$4:$I$100)+SUMIF('AvsC_M3'!$B$4:$B$100,B15,'AvsC_M3'!$I$4:$I$100)+SUMIF('AvsC_M4'!$B$4:$B$100,B15,'AvsC_M4'!$I$4:$I$100)+SUMIF('AvsC_M5'!$B$4:$B$100,B15,'AvsC_M5'!$I$4:$I$100)+SUMIF('AvsC_M6'!$B$4:$B$100,B15,'AvsC_M6'!$I$4:$I$100)+SUMIF('BvsD_M1'!$B$4:$B$100,B15,'BvsD_M1'!$I$4:$I$100)+SUMIF('BvsD_M2'!$B$4:$B$100,B15,'BvsD_M2'!$I$4:$I$100)+SUMIF('BvsD_M3'!$B$4:$B$100,B15,'BvsD_M3'!$I$4:$I$100)+SUMIF('BvsD_M4'!$B$4:$B$100,B15,'BvsD_M4'!$I$4:$I$100)+SUMIF('BvsD_M5'!$B$4:$B$100,B15,'BvsD_M5'!$I$4:$I$100)+SUMIF('BvsD_M6'!$B$4:$B$100,B15,'BvsD_M6'!$I$4:$I$100)+SUMIF('AvsD_M1'!$B$4:$B$100,B15,'AvsD_M1'!$I$4:$I$100)+SUMIF('AvsD_M2'!$B$4:$B$100,B15,'AvsD_M2'!$I$4:$I$100)+SUMIF('AvsD_M3'!$B$4:$B$100,B15,'AvsD_M3'!$I$4:$I$100)+SUMIF('AvsD_M4'!$B$4:$B$100,B15,'AvsD_M4'!$I$4:$I$100)+SUMIF('AvsD_M5'!$B$4:$B$100,B15,'AvsD_M5'!$I$4:$I$100)+SUMIF('AvsD_M6'!$B$4:$B$100,B15,'AvsD_M6'!$I$4:$I$100)+SUMIF('BvsC_M1'!$B$4:$B$100,B15,'BvsC_M1'!$I$4:$I$100)+SUMIF('BvsC_M2'!$B$4:$B$100,B15,'BvsC_M2'!$I$4:$I$100)+SUMIF('BvsC_M3'!$B$4:$B$100,B15,'BvsC_M3'!$I$4:$I$100)+SUMIF('BvsC_M4'!$B$4:$B$100,B15,'BvsC_M4'!$I$4:$I$100)+SUMIF('BvsC_M5'!$B$4:$B$100,B15,'BvsC_M5'!$I$4:$I$100)+SUMIF('BvsC_M6'!$B$4:$B$100,B15,'BvsC_M6'!$I$4:$I$100)
